EmployeeNumber,requisition_open_date,offer_accepted_date,start_date,time_to_fill_days,offer_to_start_lag_days,time_to_hire_days
1,2017-10-28,2017-11-16,2017-12-13,19,27,46
2,2013-03-01,2013-03-23,2013-04-07,22,15,37
4,2023-04-06,2023-05-05,2023-05-22,29,17,46
5,2015-06-28,2015-07-19,2015-08-08,21,20,41
7,2021-06-21,2021-07-21,2021-08-09,30,19,49
8,2016-02-03,2016-02-26,2016-03-07,23,10,33
10,2022-10-26,2022-11-25,2022-12-14,30,19,49
11,2022-04-11,2022-04-26,2022-05-05,15,9,24
12,2014-09-05,2014-10-18,2014-11-02,43,15,58
13,2016-10-19,2016-11-18,2016-12-11,30,23,53
14,2018-06-12,2018-06-26,2018-07-06,14,10,24
15,2013-12-20,2014-01-06,2014-01-23,17,17,34
16,2018-03-03,2018-04-02,2018-04-21,30,19,49
18,2021-03-03,2021-03-23,2021-04-12,20,20,40
19,2019-03-29,2019-04-13,2019-04-29,15,16,31
20,2013-02-06,2013-03-20,2013-04-03,42,14,56
21,2017-05-14,2017-06-19,2017-07-11,36,22,58
22,2022-10-26,2022-11-04,2022-11-29,9,25,34
23,1998-01-12,1998-02-07,1998-03-14,26,35,61
24,2020-06-27,2020-07-13,2020-08-03,16,21,37
26,2019-05-02,2019-06-29,2019-07-17,58,18,76
27,2018-07-18,2018-08-09,2018-09-01,22,23,45
28,2011-08-20,2011-10-18,2011-11-10,59,23,82
30,2023-01-16,2023-01-31,2023-02-11,15,11,26
31,2019-02-26,2019-03-13,2019-04-05,15,23,38
32,2009-02-05,2009-04-29,2009-05-24,83,25,108
33,2013-07-04,2013-07-28,2013-08-21,24,24,48
35,2014-01-27,2014-03-03,2014-03-20,35,17,52
36,2001-04-18,2001-05-29,2001-06-29,41,31,72
38,2021-05-01,2021-07-07,2021-08-06,67,30,97
39,2022-06-23,2022-07-18,2022-08-03,25,16,41
40,2019-08-26,2019-10-09,2019-10-25,44,16,60
41,2013-10-18,2013-11-19,2013-12-12,32,23,55
42,2022-05-30,2022-06-14,2022-06-26,15,12,27
45,2021-01-30,2021-02-08,2021-02-24,9,16,25
46,2018-11-03,2018-12-07,2018-12-22,34,15,49
47,2020-01-17,2020-02-18,2020-03-07,32,18,50
49,2021-02-20,2021-03-05,2021-03-18,13,13,26
51,2022-09-04,2022-09-15,2022-10-05,11,20,31
52,2018-04-12,2018-05-11,2018-05-29,29,18,47
53,2022-10-01,2022-11-03,2022-11-15,33,12,45
54,2022-02-13,2022-04-01,2022-04-13,47,12,59
55,2022-03-17,2022-04-14,2022-05-04,28,20,48
56,2014-07-18,2014-08-20,2014-09-07,33,18,51
57,2011-11-13,2011-12-06,2011-12-22,23,16,39
58,2000-10-16,2000-12-24,2001-01-25,69,32,101
60,2014-06-24,2014-07-19,2014-08-05,25,17,42
61,2022-01-24,2022-02-08,2022-02-23,15,15,30
62,2014-02-22,2014-04-27,2014-05-12,64,15,79
63,2022-02-03,2022-03-22,2022-04-05,47,14,61
64,2022-01-06,2022-03-16,2022-04-12,69,27,96
65,2021-10-01,2021-10-17,2021-11-04,16,18,34
68,2019-06-29,2019-08-07,2019-09-05,39,29,68
70,2019-05-05,2019-06-30,2019-07-29,56,29,85
72,2021-06-03,2021-07-06,2021-07-17,33,11,44
73,2008-09-29,2008-12-10,2008-12-30,72,20,92
74,2014-04-22,2014-06-10,2014-06-29,49,19,68
75,2021-10-01,2021-11-01,2021-11-19,31,18,49
76,2016-02-20,2016-04-02,2016-04-18,42,16,58
77,2016-03-05,2016-04-11,2016-05-10,37,29,66
78,2014-01-11,2014-01-27,2014-02-12,16,16,32
79,2013-02-24,2013-03-29,2013-04-18,33,20,53
80,1996-06-20,1996-08-14,1996-09-03,55,20,75
81,2001-12-02,2001-12-25,2002-01-26,23,32,55
83,2006-04-22,2006-07-17,2006-08-18,86,32,118
84,2018-04-28,2018-08-16,2018-09-18,110,33,143
85,2016-12-08,2017-02-01,2017-02-18,55,17,72
86,2022-07-01,2022-08-18,2022-09-01,48,14,62
88,2020-10-19,2020-11-27,2020-12-18,39,21,60
90,2022-06-18,2022-07-11,2022-07-27,23,16,39
91,2019-01-31,2019-03-02,2019-03-31,30,29,59
94,2018-10-02,2018-10-17,2018-11-06,15,20,35
95,2022-06-15,2022-07-12,2022-07-30,27,18,45
96,2013-09-27,2013-10-30,2013-11-28,33,29,62
97,2022-04-03,2022-04-17,2022-05-09,14,22,36
98,2012-06-04,2012-07-06,2012-07-25,32,19,51
100,2008-08-09,2008-09-05,2008-09-16,27,11,38
101,2023-07-13,2023-10-11,2023-10-25,90,14,104
102,2018-03-30,2018-05-31,2018-06-22,62,22,84
103,2019-03-31,2019-04-25,2019-05-16,25,21,46
104,2012-12-20,2013-01-25,2013-02-05,36,11,47
105,2017-07-05,2017-07-28,2017-08-08,23,11,34
106,2022-09-16,2022-10-21,2022-11-17,35,27,62
107,2010-01-30,2010-02-20,2010-03-17,21,25,46
110,2018-04-19,2018-05-19,2018-05-30,30,11,41
112,2017-03-10,2017-04-11,2017-05-04,32,23,55
113,2023-11-19,2023-12-01,2023-12-11,12,10,22
116,2019-08-05,2019-09-02,2019-09-23,28,21,49
117,2012-02-05,2012-03-14,2012-04-09,38,26,64
118,2014-01-26,2014-02-14,2014-03-17,19,31,50
119,2001-05-20,2001-07-12,2001-08-09,53,28,81
120,2013-01-22,2013-03-05,2013-03-27,42,22,64
121,2012-01-02,2012-02-14,2012-03-13,43,28,71
124,2013-05-27,2013-08-01,2013-08-26,66,25,91
125,2012-01-06,2012-02-03,2012-02-22,28,19,47
126,2019-08-04,2019-09-04,2019-10-02,31,28,59
128,2020-09-09,2020-09-27,2020-10-19,18,22,40
129,2018-03-12,2018-04-13,2018-05-10,32,27,59
131,1986-03-05,1986-04-30,1986-05-27,56,27,83
132,2020-09-04,2020-10-28,2020-11-24,54,27,81
133,2020-02-09,2020-03-08,2020-03-17,28,9,37
134,2022-10-03,2022-10-25,2022-11-03,22,9,31
137,2022-03-03,2022-03-17,2022-03-27,14,10,24
138,2007-11-25,2007-12-23,2008-01-13,28,21,49
139,2022-01-30,2022-03-06,2022-03-30,35,24,59
140,2020-01-21,2020-03-11,2020-04-02,50,22,72
141,2015-01-21,2015-03-17,2015-04-06,55,20,75
142,2017-03-20,2017-04-20,2017-05-17,31,27,58
143,2021-06-16,2021-07-05,2021-07-26,19,21,40
144,2023-03-26,2023-04-13,2023-05-03,18,20,38
145,2010-07-25,2010-09-12,2010-10-05,49,23,72
147,2014-02-19,2014-03-18,2014-04-05,27,18,45
148,2018-04-24,2018-06-11,2018-06-26,48,15,63
150,2018-06-23,2018-07-19,2018-07-31,26,12,38
151,2022-05-27,2022-06-16,2022-07-14,20,28,48
152,2018-05-01,2018-06-01,2018-06-21,31,20,51
153,2012-09-18,2012-12-05,2013-01-01,78,27,105
154,2014-10-04,2014-10-28,2014-11-24,24,27,51
155,2022-09-23,2022-10-03,2022-10-17,10,14,24
158,1998-10-23,1998-11-15,1998-12-04,23,19,42
159,2013-06-25,2013-07-18,2013-08-07,23,20,43
160,2016-04-06,2016-05-04,2016-05-16,28,12,40
161,2018-04-12,2018-05-04,2018-05-21,22,17,39
162,2003-02-27,2003-06-19,2003-07-28,112,39,151
163,2016-02-03,2016-02-13,2016-03-08,10,24,34
164,2018-05-05,2018-06-01,2018-06-22,27,21,48
165,1983-09-13,1983-12-04,1983-12-18,82,14,96
167,2023-03-17,2023-03-30,2023-04-11,13,12,25
169,2021-05-17,2021-06-06,2021-06-19,20,13,33
170,2008-04-18,2008-05-12,2008-05-28,24,16,40
171,2020-05-25,2020-06-10,2020-06-22,16,12,28
174,2021-04-21,2021-05-24,2021-06-26,33,33,66
175,2021-10-09,2021-11-28,2021-12-12,50,14,64
176,2014-03-10,2014-05-28,2014-06-24,79,27,106
177,2015-02-25,2015-03-13,2015-03-31,16,18,34
178,2020-06-27,2020-09-04,2020-09-26,69,22,91
179,2019-04-09,2019-05-23,2019-06-09,44,17,61
182,2008-10-23,2008-12-18,2009-01-03,56,16,72
183,2021-07-23,2021-08-19,2021-09-10,27,22,49
184,2012-06-26,2012-07-23,2012-08-08,27,16,43
190,2017-12-05,2018-01-01,2018-01-21,27,20,47
192,2017-07-29,2017-10-19,2017-10-28,82,9,91
193,2020-08-10,2020-09-24,2020-10-06,45,12,57
194,2018-07-11,2018-07-28,2018-08-18,17,21,38
195,2014-11-16,2014-12-27,2015-01-18,41,22,63
197,2020-02-09,2020-02-29,2020-03-09,20,9,29
198,2018-11-20,2018-12-09,2019-01-02,19,24,43
199,2016-07-19,2016-10-06,2016-10-21,79,15,94
200,2018-02-01,2018-02-24,2018-03-21,23,25,48
201,2022-11-07,2022-12-03,2022-12-24,26,21,47
202,2003-01-07,2003-02-08,2003-03-09,32,29,61
204,2013-07-21,2013-09-02,2013-10-04,43,32,75
205,2015-12-28,2016-01-30,2016-02-15,33,16,49
206,2006-08-20,2006-09-04,2006-09-29,15,25,40
207,2014-06-03,2014-07-23,2014-08-09,50,17,67
208,2013-04-07,2013-04-29,2013-05-18,22,19,41
211,2022-10-27,2022-11-14,2022-11-29,18,15,33
214,2022-05-17,2022-06-08,2022-06-25,22,17,39
215,2011-05-06,2011-06-14,2011-07-15,39,31,70
216,2019-03-04,2019-03-19,2019-04-04,15,16,31
217,2020-12-05,2021-01-06,2021-01-16,32,10,42
218,2021-04-20,2021-05-03,2021-05-17,13,14,27
221,2018-07-07,2018-07-27,2018-08-18,20,22,42
223,2018-06-22,2018-07-27,2018-08-19,35,23,58
224,2022-07-05,2022-07-28,2022-08-15,23,18,41
226,2017-12-09,2018-02-24,2018-03-23,77,27,104
227,2014-08-22,2014-09-06,2014-09-19,15,13,28
228,2013-08-31,2013-10-21,2013-11-15,51,25,76
230,2015-07-25,2015-08-23,2015-09-15,29,23,52
231,2018-12-02,2018-12-13,2019-01-06,11,24,35
233,2018-11-07,2018-11-18,2018-12-07,11,19,30
235,2023-10-30,2023-11-19,2023-12-14,20,25,45
238,2015-02-24,2015-03-17,2015-04-09,21,23,44
239,2011-03-15,2011-04-15,2011-04-27,31,12,43
240,2018-03-20,2018-04-17,2018-05-05,28,18,46
241,2021-06-20,2021-07-15,2021-07-30,25,15,40
242,2020-03-16,2020-04-19,2020-04-28,34,9,43
243,2022-10-21,2022-11-05,2022-11-17,15,12,27
244,1998-12-30,1999-01-23,1999-02-21,24,29,53
245,2021-06-17,2021-07-02,2021-07-16,15,14,29
246,2019-01-01,2019-01-27,2019-02-07,26,11,37
247,2020-09-30,2020-11-07,2020-11-20,38,13,51
248,2019-06-18,2019-07-05,2019-07-18,17,13,30
249,2020-04-16,2020-04-24,2020-05-05,8,11,19
250,2019-06-21,2019-07-07,2019-07-19,16,12,28
252,2015-06-30,2015-07-16,2015-08-06,16,21,37
253,2003-08-16,2003-10-10,2003-11-16,55,37,92
254,1999-06-02,1999-07-31,1999-08-29,59,29,88
256,2013-08-25,2013-09-27,2013-10-19,33,22,55
258,2016-07-03,2016-08-21,2016-09-26,49,36,85
259,1989-12-18,1990-04-02,1990-05-10,105,38,143
260,2016-05-02,2016-05-20,2016-05-29,18,9,27
261,2022-04-16,2022-05-09,2022-06-07,23,29,52
262,2018-07-28,2018-08-25,2018-09-04,28,10,38
264,2002-12-16,2003-01-15,2003-01-30,30,15,45
267,2015-11-03,2015-11-30,2015-12-15,27,15,42
269,2017-07-14,2017-08-17,2017-09-11,34,25,59
270,2018-10-21,2018-11-20,2018-12-02,30,12,42
271,2022-06-28,2022-08-28,2022-09-13,61,16,77
273,2015-12-20,2016-01-14,2016-01-29,25,15,40
274,2021-06-04,2021-08-16,2021-09-03,73,18,91
275,2015-12-22,2016-01-20,2016-02-18,29,29,58
277,2018-06-20,2018-07-04,2018-07-18,14,14,28
281,2016-03-18,2016-04-20,2016-05-04,33,14,47
282,2022-06-28,2022-07-19,2022-08-01,21,13,34
283,2013-08-25,2013-09-22,2013-10-09,28,17,45
284,2019-03-05,2019-04-01,2019-04-12,27,11,38
286,2014-12-11,2015-01-09,2015-01-27,29,18,47
287,2020-08-28,2020-09-22,2020-10-10,25,18,43
288,2019-01-08,2019-03-14,2019-04-06,65,23,88
291,2009-07-13,2009-09-11,2009-10-11,60,30,90
292,2012-01-16,2012-04-03,2012-04-28,78,25,103
293,2016-02-14,2016-03-20,2016-04-02,35,13,48
296,2013-04-30,2013-07-14,2013-08-03,75,20,95
297,2018-03-27,2018-04-07,2018-04-21,11,14,25
298,2022-08-05,2022-09-07,2022-10-07,33,30,63
299,2017-11-11,2017-12-01,2017-12-17,20,16,36
300,2017-11-05,2017-11-29,2017-12-10,24,11,35
302,2004-06-07,2004-07-07,2004-08-04,30,28,58
303,2017-01-05,2017-01-31,2017-02-19,26,19,45
304,2010-09-10,2010-11-17,2010-11-29,68,12,80
305,2020-06-21,2020-07-12,2020-08-01,21,20,41
306,2013-02-23,2013-04-16,2013-05-03,52,17,69
307,2007-08-29,2007-10-03,2007-11-03,35,31,66
308,2018-02-26,2018-03-31,2018-04-26,33,26,59
309,2022-08-18,2022-09-10,2022-09-25,23,15,38
311,2014-02-11,2014-03-07,2014-03-25,24,18,42
312,2012-03-24,2012-05-24,2012-06-17,61,24,85
314,2013-03-22,2013-06-03,2013-06-29,73,26,99
315,2019-10-07,2019-11-02,2019-11-12,26,10,36
316,2021-06-16,2021-07-15,2021-07-29,29,14,43
319,2001-01-02,2001-02-15,2001-03-08,44,21,65
321,2021-12-01,2021-12-18,2022-01-07,17,20,37
323,2015-12-30,2016-03-26,2016-04-13,87,18,105
325,2018-05-30,2018-07-02,2018-07-19,33,17,50
327,2006-02-03,2006-03-27,2006-04-27,52,31,83
328,2014-03-20,2014-04-22,2014-05-17,33,25,58
329,1990-05-05,1990-07-17,1990-08-10,73,24,97
330,2019-08-15,2019-09-16,2019-09-25,32,9,41
331,2020-04-14,2020-05-10,2020-05-31,26,21,47
332,2020-10-26,2020-11-15,2020-11-24,20,9,29
333,2020-05-02,2020-06-03,2020-06-15,32,12,44
334,2022-11-02,2022-11-12,2022-12-11,10,29,39
335,2014-03-18,2014-04-25,2014-05-22,38,27,65
336,1999-04-11,1999-04-27,1999-05-31,16,34,50
337,2021-10-24,2021-11-15,2021-12-15,22,30,52
338,2021-03-06,2021-04-03,2021-04-13,28,10,38
339,2012-06-26,2012-08-04,2012-08-16,39,12,51
340,2020-03-05,2020-03-19,2020-04-02,14,14,28
341,2020-11-25,2020-12-19,2020-12-30,24,11,35
342,2022-07-26,2022-10-10,2022-11-10,76,31,107
343,2004-05-29,2004-07-04,2004-07-18,36,14,50
346,2017-08-25,2017-10-20,2017-11-07,56,18,74
347,2020-07-19,2020-08-20,2020-09-16,32,27,59
349,2020-03-22,2020-04-24,2020-05-18,33,24,57
350,2019-09-09,2019-11-09,2019-11-24,61,15,76
351,2014-04-02,2014-04-26,2014-05-12,24,16,40
352,2002-09-23,2002-11-08,2002-12-08,46,30,76
353,2022-09-29,2022-10-21,2022-11-12,22,22,44
355,2018-05-06,2018-05-29,2018-06-14,23,16,39
359,2018-03-05,2018-03-18,2018-03-31,13,13,26
361,2015-09-24,2015-10-19,2015-11-14,25,26,51
362,2017-08-07,2017-08-31,2017-09-27,24,27,51
363,2015-11-09,2016-01-17,2016-02-12,69,26,95
364,2022-12-18,2023-01-10,2023-01-19,23,9,32
366,2023-05-03,2023-05-28,2023-06-17,25,20,45
367,2014-06-07,2014-07-08,2014-08-04,31,27,58
369,2017-07-08,2017-08-12,2017-09-10,35,29,64
372,2003-03-03,2003-05-13,2003-06-06,71,24,95
373,2008-05-18,2008-06-02,2008-06-13,15,11,26
374,1987-07-16,1987-08-30,1987-09-30,45,31,76
376,2013-09-30,2013-12-07,2014-01-06,68,30,98
377,2018-10-06,2018-10-26,2018-11-20,20,25,45
378,2018-01-03,2018-01-19,2018-01-30,16,11,27
379,2020-07-06,2020-08-02,2020-08-15,27,13,40
380,2018-05-07,2018-06-29,2018-07-22,53,23,76
381,2016-06-19,2016-07-13,2016-07-28,24,15,39
382,2015-02-06,2015-03-09,2015-04-05,31,27,58
384,2017-10-27,2017-12-09,2017-12-22,43,13,56
385,2013-08-24,2013-11-12,2013-12-15,80,33,113
386,2018-06-21,2018-08-31,2018-10-06,71,36,107
387,2003-06-12,2003-06-28,2003-07-22,16,24,40
388,2013-03-19,2013-04-20,2013-05-15,32,25,57
389,2013-06-04,2013-07-03,2013-07-19,29,16,45
390,2018-06-14,2018-07-11,2018-08-06,27,26,53
391,2005-12-19,2006-01-21,2006-02-06,33,16,49
392,2022-09-26,2022-11-07,2022-11-17,42,10,52
393,2021-03-29,2021-06-03,2021-06-20,66,17,83
394,2020-05-09,2020-06-17,2020-07-01,39,14,53
395,2018-06-17,2018-07-09,2018-07-26,22,17,39
396,2019-12-15,2020-03-03,2020-03-26,79,23,102
397,2015-08-08,2015-09-21,2015-10-10,44,19,63
399,2020-12-25,2021-01-15,2021-01-31,21,16,37
401,2015-07-31,2015-08-30,2015-09-16,30,17,47
403,2019-05-10,2019-06-11,2019-07-01,32,20,52
404,2003-05-01,2003-06-17,2003-07-09,47,22,69
405,2023-01-31,2023-02-17,2023-03-11,17,22,39
406,2012-06-18,2012-07-20,2012-08-07,32,18,50
407,2022-08-11,2022-09-10,2022-10-03,30,23,53
408,2019-11-20,2019-12-22,2020-01-08,32,17,49
410,2001-06-26,2001-08-20,2001-09-04,55,15,70
411,2023-02-11,2023-03-09,2023-03-20,26,11,37
412,2015-11-19,2015-12-17,2016-01-12,28,26,54
416,2014-12-19,2015-01-26,2015-02-22,38,27,65
417,2005-04-23,2005-06-13,2005-06-30,51,17,68
419,2014-10-13,2014-11-02,2014-11-24,20,22,42
420,2010-07-17,2010-09-05,2010-09-26,50,21,71
421,2013-05-06,2013-06-11,2013-06-26,36,15,51
422,2018-08-16,2018-09-02,2018-09-21,17,19,36
423,2018-11-01,2018-11-16,2018-12-06,15,20,35
424,2021-03-31,2021-04-17,2021-05-16,17,29,46
425,1999-03-01,1999-04-15,1999-05-15,45,30,75
426,2021-11-01,2021-11-22,2021-12-02,21,10,31
428,2013-08-10,2013-09-17,2013-10-04,38,17,55
429,2002-07-13,2002-09-22,2002-10-17,71,25,96
430,2015-04-13,2015-05-09,2015-05-20,26,11,37
431,2016-01-23,2016-03-26,2016-04-23,63,28,91
433,2015-03-07,2015-04-14,2015-04-25,38,11,49
434,2018-12-30,2019-01-28,2019-02-07,29,10,39
436,2010-03-17,2010-03-29,2010-04-09,12,11,23
437,2018-08-10,2018-09-03,2018-09-19,24,16,40
438,2016-10-30,2016-11-11,2016-12-06,12,25,37
439,2016-04-18,2016-05-21,2016-06-04,33,14,47
440,2019-12-29,2020-01-21,2020-02-15,23,25,48
441,2012-11-20,2013-01-08,2013-01-24,49,16,65
442,2013-07-31,2013-10-09,2013-10-22,70,13,83
444,2002-07-12,2002-09-25,2002-10-20,75,25,100
445,2022-11-14,2022-12-07,2023-01-01,23,25,48
446,2016-10-08,2016-11-11,2016-11-24,34,13,47
447,2020-04-13,2020-06-08,2020-06-26,56,18,74
448,2014-05-01,2014-06-02,2014-06-29,32,27,59
449,2018-06-29,2018-08-10,2018-09-01,42,22,64
450,2019-08-12,2019-09-07,2019-09-24,26,17,43
451,2021-12-20,2022-02-18,2022-03-18,60,28,88
452,2013-05-23,2013-07-04,2013-07-31,42,27,69
453,2019-02-18,2019-03-09,2019-03-26,19,17,36
454,2015-12-08,2016-01-11,2016-01-29,34,18,52
455,2020-08-13,2020-09-12,2020-09-21,30,9,39
456,2013-09-18,2013-10-17,2013-11-02,29,16,45
458,2014-12-21,2015-01-11,2015-02-02,21,22,43
460,2017-04-21,2017-05-14,2017-05-28,23,14,37
461,2012-07-24,2012-08-28,2012-09-30,35,33,68
462,2012-03-07,2012-04-30,2012-06-02,54,33,87
463,2016-06-07,2016-06-26,2016-07-11,19,15,34
464,2006-12-08,2007-01-29,2007-02-19,52,21,73
465,2019-09-18,2019-10-02,2019-10-14,14,12,26
466,2017-11-29,2017-12-29,2018-01-18,30,20,50
467,2022-12-28,2023-01-26,2023-02-08,29,13,42
468,2022-05-24,2022-10-18,2022-11-10,147,23,170
469,2019-10-10,2019-10-26,2019-11-16,16,21,37
470,2020-05-14,2020-06-15,2020-07-04,32,19,51
471,2015-11-17,2015-12-11,2015-12-30,24,19,43
473,2023-07-28,2023-09-11,2023-09-28,45,17,62
474,2016-06-10,2016-07-14,2016-08-09,34,26,60
475,2020-11-30,2021-01-02,2021-01-26,33,24,57
476,2014-11-28,2014-12-24,2015-01-18,26,25,51
477,2022-09-04,2022-11-01,2022-11-20,58,19,77
478,2020-01-14,2020-01-31,2020-02-24,17,24,41
479,2022-10-11,2022-11-24,2022-12-12,44,18,62
481,2010-02-17,2010-03-18,2010-04-16,29,29,58
482,2020-01-27,2020-02-27,2020-03-12,31,14,45
483,2016-01-27,2016-02-11,2016-02-24,15,13,28
484,2020-09-14,2020-10-08,2020-10-25,24,17,41
485,2021-12-30,2022-02-04,2022-02-22,36,18,54
486,2018-10-21,2018-11-12,2018-12-03,22,21,43
487,2022-05-24,2022-06-23,2022-07-09,30,16,46
488,2015-06-13,2015-07-01,2015-07-28,18,27,45
491,2019-07-25,2019-09-03,2019-09-22,40,19,59
492,2017-12-01,2017-12-16,2018-01-06,15,21,36
493,2021-02-27,2021-03-15,2021-04-08,16,24,40
494,2022-08-05,2022-08-27,2022-09-14,22,18,40
495,2020-03-20,2020-04-28,2020-05-18,39,20,59
496,2022-04-13,2022-07-21,2022-08-18,99,28,127
497,2018-07-19,2018-08-06,2018-08-31,18,25,43
498,2015-12-18,2016-02-06,2016-02-26,50,20,70
499,2018-10-03,2018-11-20,2018-12-11,48,21,69
500,2016-03-12,2016-04-07,2016-04-21,26,14,40
501,2021-03-03,2021-03-30,2021-04-17,27,18,45
502,2018-07-03,2018-08-01,2018-08-29,29,28,57
505,2018-07-19,2018-09-15,2018-10-11,58,26,84
507,2018-12-03,2018-12-27,2019-01-13,24,17,41
508,2022-01-17,2022-01-28,2022-02-07,11,10,21
510,2017-01-07,2017-01-19,2017-02-03,12,15,27
511,2021-09-06,2021-10-06,2021-10-19,30,13,43
513,2013-10-28,2013-12-01,2014-01-03,34,33,67
514,2022-10-27,2022-11-14,2022-12-01,18,17,35
515,2005-11-17,2005-12-10,2005-12-21,23,11,34
516,2018-01-26,2018-03-05,2018-03-17,38,12,50
517,2018-01-06,2018-01-31,2018-02-23,25,23,48
518,2022-09-28,2022-10-23,2022-11-20,25,28,53
520,1997-12-16,1998-03-16,1998-04-17,90,32,122
521,2022-08-28,2022-10-28,2022-11-10,61,13,74
522,2019-05-23,2019-08-15,2019-09-03,84,19,103
523,2020-04-16,2020-05-27,2020-06-10,41,14,55
524,2010-02-08,2010-04-02,2010-04-27,53,25,78
525,2020-01-03,2020-02-08,2020-03-01,36,22,58
526,2018-10-23,2018-12-03,2018-12-29,41,26,67
527,2018-09-17,2018-10-23,2018-11-04,36,12,48
529,2010-08-12,2010-09-21,2010-10-04,40,13,53
530,2019-08-16,2019-08-31,2019-09-24,15,24,39
531,2001-09-06,2001-12-06,2002-01-15,91,40,131
532,2016-02-07,2016-03-06,2016-04-06,28,31,59
533,2018-08-18,2018-09-07,2018-09-20,20,13,33
534,2012-11-08,2013-01-11,2013-01-25,64,14,78
536,2013-05-20,2013-07-04,2013-07-16,45,12,57
538,2021-05-15,2021-06-26,2021-07-16,42,20,62
543,2018-06-01,2018-07-10,2018-08-09,39,30,69
544,2021-10-20,2021-11-04,2021-11-23,15,19,34
546,2017-11-28,2018-01-17,2018-02-07,50,21,71
547,2018-11-11,2018-12-15,2019-01-09,34,25,59
548,2018-09-28,2018-10-31,2018-11-12,33,12,45
549,1994-05-30,1994-09-16,1994-10-23,109,37,146
550,2013-08-11,2013-09-08,2013-10-05,28,27,55
551,2017-09-27,2017-11-03,2017-11-27,37,24,61
554,2018-12-03,2018-12-16,2019-01-08,13,23,36
555,2021-03-31,2021-04-24,2021-05-12,24,18,42
556,2021-12-18,2022-01-10,2022-01-26,23,16,39
558,2003-09-24,2003-11-07,2003-12-02,44,25,69
560,2020-08-14,2020-09-04,2020-09-28,21,24,45
562,2018-06-03,2018-06-24,2018-07-14,21,20,41
564,2012-12-16,2013-01-24,2013-02-10,39,17,56
565,2021-02-23,2021-04-11,2021-05-06,47,25,72
566,2022-03-14,2022-03-31,2022-04-10,17,10,27
567,2014-04-18,2014-05-22,2014-06-16,34,25,59
568,2022-07-06,2022-07-27,2022-08-15,21,19,40
569,1996-08-26,1996-10-04,1996-11-03,39,30,69
571,2012-01-28,2012-02-18,2012-03-05,21,16,37
573,2005-02-04,2005-03-05,2005-03-27,29,22,51
574,2018-10-18,2018-12-13,2019-01-05,56,23,79
575,2020-02-04,2020-03-27,2020-04-28,52,32,84
577,2018-10-22,2018-11-30,2018-12-15,39,15,54
578,2022-02-17,2022-03-22,2022-04-20,33,29,62
579,2016-02-08,2016-03-02,2016-03-19,23,17,40
580,2020-10-06,2020-11-12,2020-11-28,37,16,53
581,2010-06-13,2010-07-27,2010-08-09,44,13,57
582,2016-08-18,2016-11-13,2016-11-30,87,17,104
584,2019-05-24,2019-06-02,2019-06-22,9,20,29
585,2020-01-15,2020-01-24,2020-02-11,9,18,27
586,2015-10-23,2015-11-27,2015-12-17,35,20,55
587,2022-06-16,2022-07-30,2022-08-22,44,23,67
590,2019-11-11,2019-12-26,2020-01-25,45,30,75
591,2021-08-12,2021-09-09,2021-09-27,28,18,46
592,2013-10-11,2013-11-13,2013-11-27,33,14,47
593,2021-06-06,2021-07-11,2021-07-20,35,9,44
595,2014-05-12,2014-06-23,2014-07-13,42,20,62
597,2013-03-03,2013-04-24,2013-05-18,52,24,76
599,2009-07-16,2009-08-26,2009-09-22,41,27,68
600,2011-12-10,2012-01-10,2012-02-01,31,22,53
601,2003-04-24,2003-06-07,2003-07-09,44,32,76
602,2015-08-16,2015-09-15,2015-10-03,30,18,48
604,2016-12-14,2017-01-12,2017-01-29,29,17,46
605,2012-12-03,2013-01-16,2013-02-11,44,26,70
606,2015-05-06,2015-06-25,2015-07-17,50,22,72
608,2016-12-08,2016-12-15,2017-01-05,7,21,28
611,2020-05-10,2020-05-28,2020-06-11,18,14,32
612,2017-04-24,2017-05-28,2017-06-26,34,29,63
613,2018-10-01,2018-11-03,2018-11-21,33,18,51
614,2023-04-19,2023-05-07,2023-05-29,18,22,40
615,2022-01-23,2022-02-13,2022-03-14,21,29,50
616,2015-10-25,2015-11-16,2015-12-08,22,22,44
618,2023-03-09,2023-03-29,2023-04-26,20,28,48
620,2018-08-20,2018-11-03,2018-11-24,75,21,96
621,2013-02-06,2013-04-05,2013-04-16,58,11,69
622,2022-07-07,2022-07-27,2022-08-15,20,19,39
623,2017-11-06,2017-12-14,2018-01-12,38,29,67
624,2020-12-15,2021-01-12,2021-01-27,28,15,43
625,2005-10-07,2005-10-29,2005-11-15,22,17,39
626,2014-04-18,2014-05-24,2014-06-11,36,18,54
630,2013-09-21,2013-10-13,2013-11-09,22,27,49
631,2018-12-23,2019-01-19,2019-02-09,27,21,48
632,2021-03-15,2021-03-26,2021-04-20,11,25,36
634,2022-02-04,2022-02-28,2022-03-27,24,27,51
635,2017-06-16,2017-07-20,2017-08-10,34,21,55
638,1992-04-06,1992-06-25,1992-07-28,80,33,113
639,2017-04-17,2017-05-14,2017-05-28,27,14,41
641,2018-03-05,2018-03-22,2018-04-03,17,12,29
643,2022-01-23,2022-02-24,2022-03-11,32,15,47
644,1991-10-31,1991-12-09,1992-01-09,39,31,70
645,2016-04-09,2016-05-05,2016-05-17,26,12,38
647,2017-11-01,2017-11-24,2017-12-06,23,12,35
648,2022-09-10,2022-09-22,2022-10-01,12,9,21
649,2017-02-05,2017-02-25,2017-03-18,20,21,41
650,2020-08-16,2020-09-17,2020-10-15,32,28,60
652,2020-01-23,2020-03-04,2020-03-30,41,26,67
653,2016-06-16,2016-07-12,2016-07-30,26,18,44
655,2018-08-22,2018-10-03,2018-10-22,42,19,61
656,2020-07-06,2020-08-17,2020-09-15,42,29,71
657,2022-05-26,2022-06-16,2022-07-05,21,19,40
659,2013-02-10,2013-03-25,2013-04-10,43,16,59
661,2022-01-16,2022-05-16,2022-06-07,120,22,142
662,2022-11-30,2023-01-19,2023-02-09,50,21,71
663,2015-01-25,2015-02-14,2015-03-05,20,19,39
664,2020-02-03,2020-03-12,2020-04-15,38,34,72
665,2021-03-27,2021-05-12,2021-06-08,46,27,73
666,2015-09-10,2015-09-23,2015-10-02,13,9,22
667,2019-07-16,2019-07-28,2019-08-18,12,21,33
669,2020-11-01,2020-11-17,2020-12-02,16,15,31
671,2021-05-12,2021-08-02,2021-08-31,82,29,111
675,2021-01-06,2021-01-28,2021-02-10,22,13,35
677,2018-07-04,2018-07-26,2018-08-12,22,17,39
679,2017-10-23,2017-11-17,2017-12-04,25,17,42
680,2022-04-26,2022-05-13,2022-05-22,17,9,26
682,2008-12-14,2009-01-03,2009-01-28,20,25,45
683,2012-12-26,2013-02-21,2013-03-04,57,11,68
684,2022-08-17,2022-09-18,2022-10-06,32,18,50
686,2020-06-18,2020-07-21,2020-08-02,33,12,45
689,2013-05-14,2013-06-19,2013-07-05,36,16,52
690,2017-09-02,2017-09-28,2017-10-16,26,18,44
691,2006-08-17,2006-09-10,2006-10-08,24,28,52
692,2010-09-11,2010-09-22,2010-10-20,11,28,39
698,2013-12-06,2013-12-26,2014-01-16,20,21,41
699,2020-03-12,2020-03-28,2020-04-17,16,20,36
700,2019-02-09,2019-02-18,2019-03-15,9,25,34
701,2022-02-24,2022-03-10,2022-03-22,14,12,26
702,2012-11-26,2013-01-04,2013-01-29,39,25,64
704,2022-11-04,2022-11-27,2022-12-07,23,10,33
705,2020-01-08,2020-02-16,2020-02-28,39,12,51
707,2020-11-01,2020-12-04,2020-12-21,33,17,50
709,2016-06-06,2016-07-14,2016-07-25,38,11,49
710,2013-05-05,2013-05-21,2013-06-12,16,22,38
712,2021-07-06,2021-08-10,2021-09-06,35,27,62
714,2017-09-28,2017-11-04,2017-11-22,37,18,55
715,2022-09-25,2022-10-13,2022-11-05,18,23,41
716,2003-01-28,2003-02-26,2003-03-20,29,22,51
717,2015-06-29,2015-08-23,2015-09-21,55,29,84
720,2021-08-06,2021-08-28,2021-09-23,22,26,48
721,2003-01-01,2003-01-22,2003-02-12,21,21,42
722,2013-10-24,2013-11-10,2013-11-23,17,13,30
723,2018-12-20,2019-01-18,2019-02-15,29,28,57
724,2013-12-15,2014-01-21,2014-02-12,37,22,59
725,2014-04-08,2014-05-10,2014-06-10,32,31,63
727,2016-08-30,2016-10-13,2016-11-15,44,33,77
728,2016-10-01,2016-11-05,2016-11-19,35,14,49
729,2005-07-25,2005-09-12,2005-10-03,49,21,70
730,2018-02-16,2018-05-30,2018-06-18,103,19,122
731,2002-08-03,2002-11-01,2002-11-19,90,18,108
732,2021-06-14,2021-07-03,2021-08-01,19,29,48
733,2014-08-07,2014-11-01,2014-12-03,86,32,118
734,2001-04-08,2001-05-22,2001-07-01,44,40,84
738,2021-11-14,2021-12-14,2022-01-07,30,24,54
741,2016-03-18,2016-04-11,2016-05-01,24,20,44
742,2015-10-27,2015-12-03,2015-12-26,37,23,60
743,2022-09-11,2022-10-02,2022-11-04,21,33,54
744,2018-10-04,2018-10-25,2018-11-12,21,18,39
746,2001-01-21,2001-02-16,2001-03-17,26,29,55
747,2015-11-01,2015-12-12,2015-12-27,41,15,56
749,2022-06-14,2022-07-21,2022-08-11,37,21,58
752,2021-05-05,2021-05-22,2021-06-13,17,22,39
754,2021-05-16,2021-06-17,2021-07-10,32,23,55
757,2018-03-28,2018-04-21,2018-05-11,24,20,44
758,2019-02-26,2019-03-16,2019-03-28,18,12,30
760,2015-07-11,2015-08-14,2015-08-25,34,11,45
762,2012-12-25,2013-02-17,2013-03-18,54,29,83
763,2019-07-17,2019-09-01,2019-09-21,46,20,66
764,2015-11-30,2015-12-27,2016-01-21,27,25,52
766,2021-05-20,2021-06-19,2021-07-14,30,25,55
769,2021-02-27,2021-04-01,2021-04-21,33,20,53
771,2021-12-21,2022-02-03,2022-03-01,44,26,70
772,2013-02-08,2013-03-07,2013-03-31,27,24,51
773,2022-02-02,2022-02-25,2022-03-10,23,13,36
775,2023-05-07,2023-06-07,2023-07-04,31,27,58
776,1989-11-10,1989-12-14,1989-12-30,34,16,50
780,2013-05-31,2013-06-30,2013-07-19,30,19,49
781,2017-09-06,2017-10-12,2017-11-09,36,28,64
783,2014-12-28,2015-02-02,2015-02-25,36,23,59
784,2021-08-14,2021-09-26,2021-10-20,43,24,67
785,2018-08-22,2018-10-11,2018-10-23,50,12,62
786,2017-08-31,2017-09-24,2017-10-15,24,21,45
787,2018-01-29,2018-04-19,2018-05-25,80,36,116
789,2013-04-25,2013-05-25,2013-06-20,30,26,56
791,2018-12-19,2019-01-11,2019-02-03,23,23,46
792,2021-07-13,2021-07-31,2021-08-16,18,16,34
793,2015-07-11,2015-09-11,2015-10-04,62,23,85
796,2019-11-09,2019-12-11,2019-12-29,32,18,50
797,2019-11-30,2019-12-21,2020-01-13,21,23,44
799,2018-06-27,2018-08-18,2018-08-31,52,13,65
800,2019-01-16,2019-01-28,2019-02-12,12,15,27
802,2018-06-17,2018-06-27,2018-07-07,10,10,20
803,2007-12-17,2008-01-30,2008-02-23,44,24,68
804,2017-11-02,2017-11-26,2017-12-08,24,12,36
805,2020-11-05,2020-11-27,2020-12-11,22,14,36
806,2021-02-07,2021-02-21,2021-03-16,14,23,37
807,2015-10-20,2015-11-21,2015-12-08,32,17,49
808,2020-10-13,2020-12-14,2020-12-27,62,13,75
809,1999-04-30,1999-08-04,1999-08-21,96,17,113
811,2023-01-06,2023-01-31,2023-02-12,25,12,37
812,2022-03-26,2022-04-14,2022-05-08,19,24,43
813,2018-10-22,2018-11-18,2018-12-09,27,21,48
815,2019-01-14,2019-02-07,2019-03-16,24,37,61
816,2022-02-04,2022-03-01,2022-03-13,25,12,37
817,2010-01-06,2010-03-08,2010-03-28,61,20,81
819,2020-01-22,2020-02-06,2020-02-20,15,14,29
820,1997-08-14,1997-09-25,1997-10-19,42,24,66
823,2013-12-12,2014-01-01,2014-01-22,20,21,41
824,2013-08-12,2013-08-28,2013-09-19,16,22,38
825,1991-12-23,1992-03-02,1992-03-28,70,26,96
826,2021-05-16,2021-05-26,2021-06-17,10,22,32
827,2019-02-02,2019-03-15,2019-04-06,41,22,63
828,2021-04-16,2021-05-17,2021-05-30,31,13,44
829,2018-04-15,2018-05-01,2018-05-25,16,24,40
830,2009-05-04,2009-05-16,2009-06-04,12,19,31
832,2022-03-01,2022-03-23,2022-04-05,22,13,35
833,2023-01-29,2023-03-23,2023-04-21,53,29,82
834,2022-10-25,2022-11-02,2022-11-26,8,24,32
836,2014-02-08,2014-03-08,2014-03-19,28,11,39
837,2019-05-17,2019-06-06,2019-07-04,20,28,48
838,2018-07-24,2018-08-25,2018-09-19,32,25,57
840,2014-05-13,2014-06-11,2014-07-11,29,30,59
842,2013-12-10,2014-01-12,2014-01-27,33,15,48
843,2018-11-30,2019-02-07,2019-03-08,69,29,98
844,2013-11-21,2014-02-20,2014-03-16,91,24,115
845,2015-05-26,2015-07-05,2015-07-31,40,26,66
846,2015-02-08,2015-03-13,2015-04-04,33,22,55
847,2020-07-29,2020-08-08,2020-08-27,10,19,29
848,2015-03-17,2015-04-23,2015-05-10,37,17,54
850,2023-04-20,2023-05-07,2023-05-27,17,20,37
851,2003-08-12,2003-09-19,2003-10-16,38,27,65
852,2018-08-27,2018-09-28,2018-10-09,32,11,43
854,2019-12-03,2019-12-15,2019-12-24,12,9,21
855,2014-09-25,2014-10-26,2014-11-24,31,29,60
856,2017-06-12,2017-07-16,2017-08-09,34,24,58
857,2005-06-01,2005-07-02,2005-07-24,31,22,53
859,2018-10-17,2018-11-01,2018-11-15,15,14,29
861,2018-07-02,2018-07-24,2018-08-15,22,22,44
862,2018-04-02,2018-05-23,2018-06-08,51,16,67
864,2018-09-14,2018-10-02,2018-10-22,18,20,38
865,2018-08-06,2018-08-27,2018-09-13,21,17,38
867,2014-06-01,2014-08-18,2014-09-02,78,15,93
868,2022-05-18,2022-06-18,2022-07-14,31,26,57
869,2018-07-27,2018-08-17,2018-09-03,21,17,38
872,2021-01-26,2021-04-04,2021-04-21,68,17,85
874,2020-08-03,2020-08-31,2020-09-17,28,17,45
875,2021-07-01,2021-07-31,2021-08-09,30,9,39
878,2018-06-21,2018-08-13,2018-08-29,53,16,69
879,2018-09-24,2018-10-20,2018-11-09,26,20,46
880,2006-03-18,2006-04-19,2006-05-09,32,20,52
881,2013-09-01,2013-09-28,2013-10-21,27,23,50
882,2020-08-19,2020-09-15,2020-09-28,27,13,40
885,2018-02-23,2018-03-18,2018-03-31,23,13,36
887,2019-01-02,2019-01-17,2019-02-03,15,17,32
888,2018-02-22,2018-04-21,2018-05-15,58,24,82
889,2012-12-26,2013-01-27,2013-02-14,32,18,50
893,2021-02-13,2021-02-28,2021-03-09,15,9,24
894,2018-05-09,2018-06-24,2018-07-23,46,29,75
895,2017-03-01,2017-03-23,2017-04-08,22,16,38
896,2020-08-19,2020-09-06,2020-09-17,18,11,29
897,2021-05-02,2021-07-01,2021-07-30,60,29,89
899,2010-05-19,2010-06-14,2010-07-03,26,19,45
900,2017-12-13,2018-01-05,2018-01-29,23,24,47
901,2010-10-23,2011-02-19,2011-03-12,119,21,140
902,2018-05-21,2018-06-29,2018-07-20,39,21,60
903,2016-04-06,2016-04-30,2016-05-21,24,21,45
904,2013-09-14,2013-10-15,2013-11-02,31,18,49
905,1992-01-14,1992-03-01,1992-03-27,47,26,73
909,2018-05-22,2018-06-14,2018-06-27,23,13,36
910,2019-06-01,2019-06-16,2019-07-05,15,19,34
911,2022-02-15,2022-03-20,2022-04-10,33,21,54
912,2019-04-23,2019-05-04,2019-05-29,11,25,36
913,2015-11-04,2015-12-06,2015-12-20,32,14,46
916,2019-08-23,2019-09-16,2019-10-02,24,16,40
918,2022-09-27,2022-10-24,2022-11-11,27,18,45
920,2022-03-07,2022-03-28,2022-04-21,21,24,45
922,2021-11-04,2021-12-08,2022-01-02,34,25,59
923,2022-09-16,2022-10-24,2022-11-02,38,9,47
924,2007-04-10,2007-05-27,2007-06-11,47,15,62
925,2020-04-12,2020-04-23,2020-05-06,11,13,24
926,2020-05-16,2020-06-30,2020-07-15,45,15,60
927,2016-01-23,2016-02-19,2016-03-06,27,16,43
930,2021-01-09,2021-01-21,2021-02-13,12,23,35
932,2021-10-26,2021-11-18,2021-11-27,23,9,32
933,2021-12-14,2022-01-10,2022-02-01,27,22,49
934,2022-04-17,2022-05-16,2022-06-04,29,19,48
936,2018-04-05,2018-05-05,2018-05-27,30,22,52
939,2020-10-26,2020-11-21,2020-12-11,26,20,46
940,2017-02-28,2017-05-18,2017-06-02,79,15,94
941,2016-03-02,2016-04-04,2016-04-25,33,21,54
942,2013-05-23,2013-06-02,2013-06-17,10,15,25
944,1997-10-15,1997-11-22,1997-12-15,38,23,61
945,2023-05-28,2023-06-19,2023-07-09,22,20,42
947,2014-01-02,2014-01-16,2014-02-07,14,22,36
949,2017-03-18,2017-04-11,2017-04-25,24,14,38
950,2008-08-24,2008-11-04,2008-11-25,72,21,93
951,2019-12-29,2020-01-13,2020-01-30,15,17,32
952,2021-12-29,2022-01-21,2022-01-30,23,9,32
954,2022-09-21,2022-10-17,2022-11-14,26,28,54
956,2016-02-24,2016-03-16,2016-03-28,21,12,33
957,2005-06-22,2005-08-03,2005-08-19,42,16,58
958,2012-05-04,2012-05-23,2012-06-12,19,20,39
959,2022-07-02,2022-07-26,2022-08-05,24,10,34
960,2022-02-27,2022-03-10,2022-04-04,11,25,36
961,2013-10-22,2013-12-29,2014-01-16,68,18,86
964,2022-02-20,2022-03-21,2022-03-30,29,9,38
966,2014-12-19,2015-01-18,2015-02-10,30,23,53
967,2006-11-24,2007-01-11,2007-02-04,48,24,72
969,2018-11-02,2018-11-20,2018-12-13,18,23,41
970,2009-07-17,2009-09-16,2009-10-14,61,28,89
972,2014-03-09,2014-04-06,2014-04-26,28,20,48
974,2020-05-03,2020-05-21,2020-06-13,18,23,41
975,2018-11-16,2018-12-09,2018-12-27,23,18,41
976,2014-10-01,2014-11-14,2014-12-11,44,27,71
977,2022-05-29,2022-06-28,2022-07-09,30,11,41
981,2006-03-14,2006-05-06,2006-06-04,53,29,82
982,2015-09-09,2015-10-28,2015-11-15,49,18,67
983,2018-09-22,2018-10-20,2018-11-13,28,24,52
984,2013-09-13,2013-10-30,2013-11-28,47,29,76
985,2015-04-21,2015-05-23,2015-06-23,32,31,63
986,2022-08-12,2022-12-07,2023-01-12,117,36,153
987,2004-05-21,2004-06-07,2004-06-20,17,13,30
990,2016-05-27,2016-07-12,2016-07-25,46,13,59
991,2020-05-25,2020-07-04,2020-07-28,40,24,64
992,2013-03-16,2013-04-19,2013-05-12,34,23,57
994,2023-05-05,2023-06-30,2023-07-09,56,9,65
995,2020-03-08,2020-04-11,2020-04-24,34,13,47
996,2018-02-13,2018-03-19,2018-04-11,34,23,57
997,2017-11-26,2018-01-21,2018-02-13,56,23,79
998,2017-02-15,2017-03-17,2017-03-29,30,12,42
999,2005-04-03,2005-06-05,2005-07-10,63,35,98
1001,2021-06-10,2021-07-07,2021-07-19,27,12,39
1002,2014-08-08,2014-10-03,2014-10-20,56,17,73
1003,2014-04-30,2014-05-30,2014-06-10,30,11,41
1004,2018-10-21,2018-11-06,2018-11-25,16,19,35
1005,2010-10-31,2011-01-16,2011-02-10,77,25,102
1006,2021-01-15,2021-02-17,2021-03-12,33,23,56
1007,2015-09-17,2015-11-13,2015-12-03,57,20,77
1009,2019-02-06,2019-03-21,2019-04-04,43,14,57
1010,2019-11-02,2019-11-23,2019-12-04,21,11,32
1011,2019-03-22,2019-04-13,2019-04-27,22,14,36
1012,2023-11-12,2023-11-28,2023-12-14,16,16,32
1013,2013-06-13,2013-07-06,2013-07-20,23,14,37
1014,2007-03-12,2007-04-29,2007-05-20,48,21,69
1015,2015-02-11,2015-03-25,2015-04-24,42,30,72
1016,2022-07-05,2022-07-24,2022-08-15,19,22,41
1017,2020-01-18,2020-01-25,2020-02-13,7,19,26
1018,2015-02-20,2015-03-12,2015-04-08,20,27,47
1019,2019-09-03,2019-10-09,2019-10-31,36,22,58
1022,2021-03-28,2021-04-22,2021-05-15,25,23,48
1024,2008-02-02,2008-03-23,2008-04-23,50,31,81
1025,2021-08-15,2021-09-02,2021-09-15,18,13,31
1026,2001-12-10,2002-03-18,2002-04-20,98,33,131
1027,2020-01-07,2020-02-06,2020-02-22,30,16,46
1028,2020-02-04,2020-03-01,2020-03-22,26,21,47
1029,2021-10-02,2022-03-03,2022-04-11,152,39,191
1030,2022-03-30,2022-05-11,2022-05-28,42,17,59
1032,2018-08-03,2018-09-21,2018-10-08,49,17,66
1033,2022-02-15,2022-03-12,2022-03-30,25,18,43
1034,2015-07-21,2015-08-18,2015-09-05,28,18,46
1035,2002-03-01,2002-05-25,2002-07-04,85,40,125
1036,2022-07-29,2022-08-25,2022-09-22,27,28,55
1037,2021-08-08,2021-09-01,2021-09-22,24,21,45
1038,1991-06-24,1991-10-10,1991-11-19,108,40,148
1039,2010-11-20,2011-01-05,2011-01-30,46,25,71
1040,2005-08-26,2005-11-04,2005-11-22,70,18,88
1042,2006-10-28,2006-11-21,2006-12-14,24,23,47
1043,2001-10-14,2002-01-11,2002-02-07,89,27,116
1044,2021-05-17,2021-06-09,2021-06-26,23,17,40
1045,2014-05-04,2014-07-14,2014-08-08,71,25,96
1046,2015-03-15,2015-04-01,2015-04-21,17,20,37
1047,2008-07-14,2008-08-03,2008-08-28,20,25,45
1048,2017-09-21,2017-11-06,2017-11-29,46,23,69
1049,2017-03-18,2017-04-14,2017-04-23,27,9,36
1050,2008-09-18,2008-10-27,2008-11-11,39,15,54
1052,2022-05-26,2022-06-14,2022-06-27,19,13,32
1053,2020-01-05,2020-01-18,2020-02-03,13,16,29
1055,2022-01-08,2022-01-19,2022-02-07,11,19,30
1056,2022-08-04,2022-08-14,2022-09-05,10,22,32
1060,2021-02-28,2021-03-24,2021-04-05,24,12,36
1061,2015-01-13,2015-05-01,2015-06-06,108,36,144
1062,2019-05-31,2019-07-02,2019-07-25,32,23,55
1066,2016-11-02,2016-11-13,2016-11-24,11,11,22
1068,2018-07-26,2018-08-16,2018-08-30,21,14,35
1069,2021-02-22,2021-04-28,2021-05-22,65,24,89
1070,2013-09-22,2013-12-19,2014-01-19,88,31,119
1071,2018-12-07,2018-12-20,2019-01-13,13,24,37
1073,2009-02-20,2009-03-29,2009-04-28,37,30,67
1074,2013-10-27,2014-02-13,2014-03-12,109,27,136
1076,2021-11-25,2022-01-09,2022-02-01,45,23,68
1077,2021-07-05,2021-07-30,2021-08-13,25,14,39
1079,2022-10-17,2022-11-10,2022-12-02,24,22,46
1080,2007-08-21,2007-09-27,2007-10-09,37,12,49
1081,2013-01-25,2013-02-25,2013-03-10,31,13,44
1082,2013-01-12,2013-02-13,2013-02-28,32,15,47
1083,2018-04-07,2018-05-10,2018-05-27,33,17,50
1084,2017-10-27,2017-11-15,2017-12-01,19,16,35
1085,2013-10-24,2013-11-19,2013-12-01,26,12,38
1088,2004-05-18,2004-07-04,2004-07-24,47,20,67
1092,2012-04-10,2012-05-14,2012-06-14,34,31,65
1094,2020-11-23,2020-12-16,2021-01-03,23,18,41
1096,2020-03-06,2020-04-09,2020-05-09,34,30,64
1097,2015-05-13,2015-06-03,2015-07-01,21,28,49
1098,2003-11-11,2003-12-11,2004-01-11,30,31,61
1099,2020-10-24,2020-11-21,2020-12-11,28,20,48
1100,2015-05-21,2015-07-03,2015-08-03,43,31,74
1101,2010-03-09,2010-03-29,2010-04-26,20,28,48
1102,2019-01-23,2019-02-23,2019-03-20,31,25,56
1103,2017-07-04,2017-07-24,2017-08-10,20,17,37
1105,2022-08-23,2022-09-14,2022-09-29,22,15,37
1106,2015-12-22,2016-01-09,2016-01-27,18,18,36
1107,2022-05-29,2022-07-07,2022-07-31,39,24,63
1108,2021-08-02,2021-08-28,2021-09-21,26,24,50
1109,2001-05-19,2001-07-09,2001-08-06,51,28,79
1111,2022-12-02,2022-12-30,2023-01-10,28,11,39
1113,2023-08-27,2023-09-08,2023-09-27,12,19,31
1114,2020-05-19,2020-06-16,2020-07-10,28,24,52
1115,2022-12-07,2023-01-27,2023-02-14,51,18,69
1116,2018-01-30,2018-03-29,2018-04-20,58,22,80
1117,2008-02-18,2008-03-18,2008-04-04,29,17,46
1118,2015-04-24,2015-06-17,2015-07-01,54,14,68
1119,2015-09-24,2015-11-17,2015-12-06,54,19,73
1120,2016-07-26,2016-08-05,2016-08-25,10,20,30
1121,2013-12-07,2013-12-29,2014-01-16,22,18,40
1124,2011-10-02,2011-11-23,2011-12-30,52,37,89
1125,2022-01-16,2022-02-14,2022-02-28,29,14,43
1126,2015-02-01,2015-04-16,2015-05-11,74,25,99
1127,2005-07-20,2005-09-07,2005-10-03,49,26,75
1128,2003-01-28,2003-03-01,2003-04-07,32,37,69
1131,2021-02-05,2021-02-19,2021-03-15,14,24,38
1132,2018-11-28,2018-12-09,2018-12-30,11,21,32
1133,2012-10-17,2012-11-15,2012-12-07,29,22,51
1135,2021-04-08,2021-04-27,2021-05-17,19,20,39
1136,2017-12-10,2017-12-29,2018-01-15,19,17,36
1137,2018-11-10,2018-12-23,2019-01-06,43,14,57
1138,2014-02-04,2014-04-23,2014-05-17,78,24,102
1140,2020-10-12,2020-11-11,2020-11-26,30,15,45
1143,2016-04-26,2016-05-06,2016-05-22,10,16,26
1148,2022-03-30,2022-05-10,2022-06-01,41,22,63
1150,2013-10-19,2013-11-28,2013-12-12,40,14,54
1152,2016-04-08,2016-04-28,2016-05-11,20,13,33
1154,2019-12-28,2020-01-31,2020-02-22,34,22,56
1156,2023-02-05,2023-02-19,2023-03-06,14,15,29
1157,2018-10-19,2018-12-21,2019-01-04,63,14,77
1158,2022-09-10,2022-09-26,2022-10-17,16,21,37
1160,2021-08-28,2021-09-28,2021-10-19,31,21,52
1161,2017-06-21,2017-07-07,2017-08-02,16,26,42
1162,2019-10-18,2019-11-03,2019-11-24,16,21,37
1163,2016-12-19,2017-02-08,2017-03-09,51,29,80
1164,2018-03-03,2018-03-19,2018-04-06,16,18,34
1165,2012-01-13,2012-03-06,2012-03-25,53,19,72
1166,2005-08-16,2005-10-03,2005-11-03,48,31,79
1167,2002-11-03,2002-12-19,2003-01-09,46,21,67
1171,2016-12-14,2017-01-31,2017-02-16,48,16,64
1172,2015-08-19,2015-09-09,2015-10-02,21,23,44
1173,2019-04-17,2019-04-28,2019-05-21,11,23,34
1175,2022-01-17,2022-02-03,2022-02-17,17,14,31
1177,2015-11-13,2015-12-12,2016-01-02,29,21,50
1179,2013-11-13,2013-12-16,2014-01-13,33,28,61
1180,2022-12-01,2022-12-18,2023-01-13,17,26,43
1182,2016-10-03,2016-11-05,2016-11-18,33,13,46
1184,2010-11-08,2010-12-04,2010-12-27,26,23,49
1185,2021-02-18,2021-03-10,2021-03-21,20,11,31
1188,2019-04-26,2019-05-12,2019-06-08,16,27,43
1190,2021-12-27,2022-01-12,2022-01-22,16,10,26
1191,2017-12-25,2018-02-15,2018-03-28,52,41,93
1192,2012-12-16,2013-01-16,2013-01-28,31,12,43
1193,2022-09-01,2022-10-03,2022-10-19,32,16,48
1195,2020-08-28,2020-09-19,2020-10-01,22,12,34
1196,2009-01-15,2009-02-12,2009-03-10,28,26,54
1198,2021-09-08,2021-10-02,2021-10-17,24,15,39
1200,2017-11-17,2017-12-04,2017-12-25,17,21,38
1201,2016-03-14,2016-04-27,2016-05-15,44,18,62
1202,2018-02-24,2018-03-12,2018-03-28,16,16,32
1203,2022-12-16,2023-01-03,2023-01-27,18,24,42
1204,1996-12-06,1997-01-05,1997-02-10,30,36,66
1206,2023-10-27,2023-11-21,2023-12-03,25,12,37
1207,2018-02-28,2018-03-24,2018-04-08,24,15,39
1210,2022-02-13,2022-02-25,2022-03-12,12,15,27
1211,2019-03-18,2019-04-15,2019-05-06,28,21,49
1212,2023-02-03,2023-03-01,2023-03-22,26,21,47
1215,2020-12-25,2021-02-26,2021-03-15,63,17,80
1216,2017-06-22,2017-07-15,2017-08-05,23,21,44
1217,2019-11-01,2019-12-10,2020-01-01,39,22,61
1218,2016-06-29,2016-07-16,2016-08-01,17,16,33
1219,2022-09-17,2022-10-10,2022-11-02,23,23,46
1220,2013-09-29,2013-11-10,2013-12-04,42,24,66
1221,2016-11-06,2016-11-15,2016-11-30,9,15,24
1224,2013-03-01,2013-04-07,2013-05-05,37,28,65
1225,2003-05-06,2003-06-27,2003-07-15,52,18,70
1226,2021-05-25,2021-06-13,2021-07-01,19,18,37
1228,2017-02-22,2017-04-03,2017-04-18,40,15,55
1231,2019-05-27,2019-06-15,2019-06-29,19,14,33
1233,2012-04-13,2012-05-10,2012-05-30,27,20,47
1234,2021-11-14,2021-11-26,2021-12-14,12,18,30
1235,2015-01-31,2015-02-13,2015-03-11,13,26,39
1237,2016-05-11,2016-07-14,2016-08-04,64,21,85
1238,2009-10-10,2009-10-26,2009-11-19,16,24,40
1239,2018-02-07,2018-03-02,2018-03-24,23,22,45
1240,2019-03-25,2019-04-10,2019-04-22,16,12,28
1241,2012-11-22,2012-12-05,2012-12-26,13,21,34
1242,2022-08-31,2022-10-11,2022-11-05,41,25,66
1243,2010-11-21,2010-12-19,2011-01-09,28,21,49
1244,2014-08-26,2014-09-22,2014-10-08,27,16,43
1245,2018-09-29,2018-11-20,2018-12-09,52,19,71
1246,2013-03-16,2013-04-11,2013-04-30,26,19,45
1248,2022-05-26,2022-06-20,2022-07-08,25,18,43
1249,2019-11-25,2020-01-07,2020-01-23,43,16,59
1250,2013-02-18,2013-03-26,2013-04-16,36,21,57
1251,2017-04-16,2017-05-18,2017-06-05,32,18,50
1252,2013-05-03,2013-06-23,2013-07-13,51,20,71
1254,2017-10-22,2017-12-07,2017-12-26,46,19,65
1255,2015-10-19,2015-11-27,2015-12-21,39,24,63
1256,2022-03-04,2022-05-04,2022-06-04,61,31,92
1257,2012-11-22,2013-01-01,2013-01-13,40,12,52
1258,2022-11-15,2022-12-13,2022-12-30,28,17,45
1259,2018-09-21,2018-10-16,2018-10-27,25,11,36
1260,2017-01-08,2017-02-07,2017-02-26,30,19,49
1263,2022-04-27,2022-06-25,2022-07-31,59,36,95
1264,2016-01-27,2016-03-29,2016-05-01,62,33,95
1265,2022-07-07,2022-07-28,2022-08-17,21,20,41
1267,2001-08-10,2001-10-08,2001-11-12,59,35,94
1268,2014-07-10,2014-08-18,2014-09-01,39,14,53
1269,2022-11-10,2022-11-28,2022-12-12,18,14,32
1270,2022-02-19,2022-03-19,2022-04-08,28,20,48
1273,2022-08-15,2022-10-18,2022-11-09,64,22,86
1275,2015-08-02,2015-08-13,2015-08-31,11,18,29
1277,1998-10-09,1998-12-16,1999-01-23,68,38,106
1278,1990-04-11,1990-05-22,1990-06-12,41,21,62
1279,2021-06-21,2021-07-20,2021-07-31,29,11,40
1280,2012-04-11,2012-06-11,2012-06-30,61,19,80
1281,2020-02-03,2020-03-12,2020-04-03,38,22,60
1282,1994-06-07,1994-09-11,1994-10-14,96,33,129
1283,2014-03-23,2014-05-09,2014-05-27,47,18,65
1285,2011-12-17,2012-02-06,2012-03-02,51,25,76
1286,2019-05-22,2019-05-31,2019-06-21,9,21,30
1288,1998-03-02,1998-07-10,1998-08-05,130,26,156
1289,2013-10-10,2013-11-08,2013-11-23,29,15,44
1291,2020-08-21,2020-09-25,2020-10-16,35,21,56
1292,2021-12-22,2022-01-11,2022-02-03,20,23,43
1293,2002-05-19,2002-06-15,2002-07-01,27,16,43
1294,2007-08-10,2007-09-13,2007-09-28,34,15,49
1295,2013-06-10,2013-07-23,2013-08-15,43,23,66
1296,2021-05-06,2021-06-01,2021-06-18,26,17,43
1297,2016-05-17,2016-06-21,2016-07-02,35,11,46
1298,2015-03-21,2015-04-06,2015-05-05,16,29,45
1299,2016-08-25,2016-09-28,2016-10-13,34,15,49
1301,2020-04-15,2020-05-08,2020-05-23,23,15,38
1303,2021-07-06,2021-07-27,2021-08-06,21,10,31
1304,2012-12-24,2013-01-09,2013-02-05,16,27,43
1306,2023-08-05,2023-10-28,2023-11-19,84,22,106
1307,2004-09-24,2004-10-15,2004-11-21,21,37,58
1308,2021-06-13,2021-07-13,2021-07-30,30,17,47
1309,2013-05-29,2013-06-16,2013-07-13,18,27,45
1310,2018-04-02,2018-04-25,2018-05-07,23,12,35
1311,2014-07-06,2014-08-06,2014-08-20,31,14,45
1312,2015-11-09,2016-01-18,2016-02-16,70,29,99
1314,2016-06-16,2016-07-03,2016-07-25,17,22,39
1315,2014-10-14,2014-11-07,2014-11-28,24,21,45
1317,2020-10-03,2020-11-17,2020-12-02,45,15,60
1318,2017-10-21,2017-12-23,2018-01-24,63,32,95
1319,2015-09-21,2015-11-07,2015-11-28,47,21,68
1321,2013-11-26,2014-01-02,2014-02-03,37,32,69
1322,2015-08-11,2015-09-09,2015-10-06,29,27,56
1324,2013-10-22,2013-11-11,2013-12-11,20,30,50
1329,2004-07-30,2004-09-01,2004-09-25,33,24,57
1331,2020-05-05,2020-05-15,2020-06-04,10,20,30
1333,2020-06-23,2020-07-24,2020-08-11,31,18,49
1334,2003-01-21,2003-03-20,2003-04-04,58,15,73
1336,2003-11-13,2004-05-10,2004-06-05,179,26,205
1338,2016-06-12,2016-07-17,2016-08-21,35,35,70
1340,2019-04-15,2019-05-07,2019-05-29,22,22,44
1344,2013-10-03,2014-01-01,2014-01-25,90,24,114
1346,2014-06-02,2014-07-24,2014-08-17,52,24,76
1349,2014-10-18,2014-11-08,2014-11-19,21,11,32
1350,2014-06-25,2014-07-30,2014-08-18,35,19,54
1352,1990-01-04,1990-02-16,1990-03-14,43,26,69
1355,2016-08-30,2016-09-30,2016-10-27,31,27,58
1356,2012-12-27,2013-01-17,2013-02-02,21,16,37
1358,2020-05-11,2020-06-02,2020-06-14,22,12,34
1360,2013-04-27,2013-05-20,2013-06-09,23,20,43
1361,2019-08-18,2019-09-11,2019-09-22,24,11,35
1362,2007-12-21,2008-01-24,2008-02-14,34,21,55
1363,2013-10-27,2013-12-06,2014-01-01,40,26,66
1364,2022-08-26,2022-09-05,2022-09-27,10,22,32
1367,2018-04-18,2018-07-09,2018-08-15,82,37,119
1368,2023-06-18,2023-07-15,2023-07-25,27,10,37
1369,2014-06-16,2014-07-10,2014-07-25,24,15,39
1371,2017-10-12,2017-11-06,2017-11-22,25,16,41
1372,2004-09-08,2004-10-04,2004-10-24,26,20,46
1373,2004-10-01,2004-11-07,2004-12-11,37,34,71
1374,2018-05-21,2018-06-09,2018-06-20,19,11,30
1375,2011-07-07,2011-08-29,2011-09-09,53,11,64
1377,2015-05-02,2015-05-27,2015-06-23,25,27,52
1379,2022-04-23,2022-05-19,2022-06-13,26,25,51
1380,2019-03-27,2019-04-19,2019-05-04,23,15,38
1382,2019-05-22,2019-06-16,2019-06-30,25,14,39
1383,2009-04-03,2009-05-03,2009-05-23,30,20,50
1387,2018-04-15,2018-05-25,2018-06-14,40,20,60
1389,2013-03-27,2013-04-22,2013-05-21,26,29,55
1390,2018-05-01,2018-05-16,2018-06-03,15,18,33
1391,2019-08-18,2019-09-09,2019-09-22,22,13,35
1392,2017-09-02,2017-09-28,2017-10-17,26,19,45
1394,2017-03-01,2017-03-15,2017-04-02,14,18,32
1395,2018-07-20,2018-08-22,2018-09-11,33,20,53
1396,2020-05-16,2020-06-08,2020-06-28,23,20,43
1397,2017-06-12,2017-10-03,2017-11-04,113,32,145
1399,2020-07-01,2020-07-15,2020-08-10,14,26,40
1401,2018-04-16,2018-06-15,2018-07-05,60,20,80
1402,2003-04-24,2003-05-15,2003-06-01,21,17,38
1403,2017-05-21,2017-06-13,2017-07-06,23,23,46
1405,2015-07-29,2015-08-22,2015-09-06,24,15,39
1407,2019-01-04,2019-01-13,2019-01-29,9,16,25
1408,2003-05-08,2003-06-24,2003-07-12,47,18,65
1409,2018-01-22,2018-03-12,2018-03-25,49,13,62
1411,2020-03-12,2020-03-31,2020-04-21,19,21,40
1412,2021-04-08,2021-05-26,2021-06-25,48,30,78
1415,2019-12-31,2020-02-04,2020-02-26,35,22,57
1417,2016-10-24,2016-11-15,2016-11-29,22,14,36
1419,2013-01-01,2013-01-28,2013-02-12,27,15,42
1420,2019-02-12,2019-02-25,2019-03-11,13,14,27
1421,2015-04-30,2015-06-25,2015-07-16,56,21,77
1422,2003-02-03,2003-03-28,2003-04-23,53,26,79
1423,2014-04-15,2014-05-31,2014-07-09,46,39,85
1424,2016-07-07,2016-09-03,2016-10-08,58,35,93
1425,2018-02-24,2018-03-18,2018-03-29,22,11,33
1427,2022-09-10,2022-09-26,2022-10-17,16,21,37
1428,2020-08-01,2020-09-06,2020-09-22,36,16,52
1430,2020-05-19,2020-06-20,2020-07-09,32,19,51
1431,2019-01-22,2019-02-26,2019-03-16,35,18,53
1433,2022-08-05,2022-08-18,2022-08-27,13,9,22
1434,2018-06-16,2018-07-04,2018-07-18,18,14,32
1435,2013-10-01,2013-12-09,2013-12-30,69,21,90
1436,2020-10-04,2020-11-17,2020-12-03,44,16,60
1438,2017-11-12,2017-12-06,2017-12-25,24,19,43
1439,2020-11-19,2020-12-03,2020-12-19,14,16,30
1440,2017-01-21,2017-02-09,2017-03-03,19,22,41
1441,2020-02-06,2020-03-01,2020-03-13,24,12,36
1443,2003-01-09,2003-03-06,2003-03-22,56,16,72
1445,2018-11-07,2018-12-04,2018-12-25,27,21,48
1446,2019-11-05,2019-12-03,2019-12-18,28,15,43
1447,2018-08-23,2018-09-13,2018-10-04,21,21,42
1448,2019-05-31,2019-06-13,2019-06-23,13,10,23
1449,2015-07-31,2015-08-26,2015-09-16,26,21,47
1453,2010-04-24,2010-06-18,2010-07-21,55,33,88
1457,2016-10-07,2016-10-29,2016-11-12,22,14,36
1458,2022-03-19,2022-04-09,2022-04-23,21,14,35
1459,2013-07-23,2013-08-23,2013-09-22,31,30,61
1460,2016-10-12,2016-11-27,2016-12-21,46,24,70
1461,2020-03-23,2020-04-07,2020-04-18,15,11,26
1464,2020-12-27,2021-02-07,2021-02-19,42,12,54
1465,2020-10-18,2020-12-11,2021-01-09,54,29,83
1466,2021-06-25,2021-07-12,2021-08-08,17,27,44
1467,2021-02-08,2021-03-04,2021-03-19,24,15,39
1468,2014-03-09,2014-04-10,2014-05-02,32,22,54
1469,2018-01-20,2018-02-11,2018-03-08,22,25,47
1471,2018-07-09,2018-08-04,2018-08-16,26,12,38
1472,2014-06-29,2014-08-13,2014-09-01,45,19,64
1473,2020-02-20,2020-04-06,2020-05-01,46,25,71
1474,2020-10-21,2020-11-07,2020-11-19,17,12,29
1475,2018-09-09,2018-09-27,2018-10-19,18,22,40
1477,2019-04-29,2019-05-21,2019-06-10,22,20,42
1478,2010-03-26,2010-04-17,2010-05-16,22,29,51
1479,2021-10-09,2021-11-21,2021-12-02,43,11,54
1480,2011-05-20,2011-06-19,2011-07-14,30,25,55
1481,2022-06-25,2022-08-19,2022-09-03,55,15,70
1482,2022-05-10,2022-07-06,2022-07-15,57,9,66
1483,2010-12-17,2011-01-07,2011-01-31,21,24,45
1484,2015-10-11,2015-11-25,2015-12-19,45,24,69
1485,2008-11-09,2008-12-13,2009-01-16,34,34,68
1486,2020-07-09,2020-07-24,2020-08-03,15,10,25
1487,2018-03-05,2018-03-27,2018-04-08,22,12,34
1489,2008-07-05,2008-07-23,2008-08-13,18,21,39
1492,2022-08-18,2022-08-31,2022-09-23,13,23,36
1494,2023-03-03,2023-03-25,2023-04-09,22,15,37
1495,2022-04-05,2022-04-17,2022-05-09,12,22,34
1496,2021-08-22,2021-10-22,2021-11-23,61,32,93
1497,2013-03-17,2013-04-05,2013-05-02,19,27,46
1499,2018-02-02,2018-03-29,2018-04-15,55,17,72
1501,2020-07-06,2020-08-02,2020-08-26,27,24,51
1502,2018-01-01,2018-01-25,2018-02-11,24,17,41
1503,2018-04-16,2018-05-03,2018-05-26,17,23,40
1504,2023-07-14,2023-08-29,2023-09-16,46,18,64
1506,2022-11-19,2022-12-25,2023-01-11,36,17,53
1507,2019-03-24,2019-04-25,2019-05-14,32,19,51
1509,2020-09-18,2020-10-07,2020-10-30,19,23,42
1513,2020-02-27,2020-03-23,2020-04-13,25,21,46
1514,2015-05-20,2015-06-10,2015-07-08,21,28,49
1515,2023-05-10,2023-07-07,2023-07-29,58,22,80
1516,2018-09-02,2018-11-01,2018-11-16,60,15,75
1520,2009-02-04,2009-04-02,2009-04-30,57,28,85
1522,2014-10-23,2014-11-01,2014-11-15,9,14,23
1523,2003-06-25,2003-08-01,2003-08-16,37,15,52
1525,2021-01-02,2021-03-01,2021-03-15,58,14,72
1527,2009-10-30,2010-01-16,2010-02-13,78,28,106
1529,2011-10-11,2011-12-18,2012-01-19,68,32,100
1533,2018-12-25,2019-01-11,2019-01-31,17,20,37
1534,2018-05-15,2018-06-10,2018-06-26,26,16,42
1535,2013-08-23,2013-10-19,2013-11-02,57,14,71
1537,2016-02-11,2016-02-23,2016-03-14,12,20,32
1539,1991-01-17,1991-03-13,1991-03-29,55,16,71
1541,2011-12-05,2011-12-27,2012-01-19,22,23,45
1542,2022-04-10,2022-04-30,2022-05-22,20,22,42
1543,2013-10-11,2013-10-26,2013-11-24,15,29,44
1544,2016-06-01,2016-06-29,2016-07-15,28,16,44
1545,2018-06-23,2018-07-21,2018-08-04,28,14,42
1546,2018-02-05,2018-02-27,2018-03-13,22,14,36
1547,2003-06-22,2003-07-27,2003-08-25,35,29,64
1548,2015-08-11,2015-09-03,2015-09-18,23,15,38
1549,2008-10-18,2008-11-19,2008-12-16,32,27,59
1550,2002-01-05,2002-02-26,2002-03-16,52,18,70
1551,2022-03-16,2022-04-05,2022-04-14,20,9,29
1552,2021-11-18,2021-12-15,2021-12-30,27,15,42
1553,2013-05-28,2013-07-12,2013-08-09,45,28,73
1554,2018-06-25,2018-07-04,2018-07-23,9,19,28
1555,2016-06-01,2016-07-10,2016-07-27,39,17,56
1556,2020-01-05,2020-01-25,2020-02-14,20,20,40
1557,2015-10-02,2015-10-30,2015-11-22,28,23,51
1558,2022-08-04,2022-09-07,2022-09-25,34,18,52
1560,2021-10-07,2021-10-20,2021-11-09,13,20,33
1562,2013-09-22,2013-10-05,2013-10-17,13,12,25
1563,2017-01-05,2017-02-02,2017-02-17,28,15,43
1564,2019-12-28,2020-01-20,2020-02-06,23,17,40
1568,2019-11-04,2019-12-15,2019-12-30,41,15,56
1569,2022-04-23,2022-05-12,2022-05-29,19,17,36
1572,1990-08-11,1990-10-07,1990-10-22,57,15,72
1573,2018-08-25,2018-10-11,2018-11-05,47,25,72
1574,2017-08-10,2017-09-18,2017-09-30,39,12,51
1576,2015-10-06,2015-10-27,2015-11-06,21,10,31
1577,2022-06-21,2022-07-01,2022-07-20,10,19,29
1578,1986-10-05,1986-12-26,1987-01-17,82,22,104
1580,2021-04-06,2021-05-28,2021-06-14,52,17,69
1581,2022-03-13,2022-04-12,2022-04-26,30,14,44
1582,2014-06-13,2014-07-03,2014-07-18,20,15,35
1583,2020-11-08,2020-12-15,2021-01-09,37,25,62
1585,2022-10-12,2022-11-21,2022-12-15,40,24,64
1586,2013-08-13,2013-09-25,2013-10-08,43,13,56
1587,2018-09-01,2018-09-24,2018-10-18,23,24,47
1588,2016-01-12,2016-02-16,2016-03-14,35,27,62
1590,2017-01-08,2017-02-20,2017-03-13,43,21,64
1591,2021-12-07,2022-02-06,2022-03-09,61,31,92
1592,2021-04-18,2021-05-03,2021-05-27,15,24,39
1594,2020-04-29,2020-06-06,2020-06-25,38,19,57
1595,2022-01-30,2022-04-27,2022-05-23,87,26,113
1596,2013-06-26,2013-07-29,2013-08-19,33,21,54
1597,2015-03-16,2015-04-20,2015-05-16,35,26,61
1598,2018-02-10,2018-03-07,2018-03-31,25,24,49
1599,2017-02-18,2017-04-01,2017-04-11,42,10,52
1601,2022-05-03,2022-05-19,2022-06-04,16,16,32
1602,1997-10-15,1997-11-22,1997-12-24,38,32,70
1604,2022-03-21,2022-04-13,2022-04-25,23,12,35
1605,2019-07-08,2019-08-10,2019-09-04,33,25,58
1606,1993-02-14,1993-03-16,1993-04-18,30,33,63
1607,2020-05-26,2020-06-09,2020-07-02,14,23,37
1608,2001-01-08,2001-02-08,2001-02-27,31,19,50
1609,2017-08-03,2017-08-26,2017-09-13,23,18,41
1611,2012-12-29,2013-01-19,2013-02-09,21,21,42
1612,2013-01-25,2013-02-18,2013-03-12,24,22,46
1613,2018-07-15,2018-08-20,2018-09-16,36,27,63
1614,2020-06-10,2020-07-05,2020-07-22,25,17,42
1615,2014-05-10,2014-06-14,2014-07-05,35,21,56
1617,2014-02-28,2014-03-20,2014-04-09,20,20,40
1618,2016-03-02,2016-04-13,2016-05-08,42,25,67
1619,2016-01-20,2016-02-17,2016-03-10,28,22,50
1621,2007-07-23,2007-08-16,2007-09-02,24,17,41
1622,2018-05-16,2018-06-15,2018-07-14,30,29,59
1623,2021-06-27,2021-08-01,2021-08-10,35,9,44
1624,2023-01-09,2023-02-01,2023-02-18,23,17,40
1625,2018-07-24,2018-08-24,2018-09-25,31,32,63
1627,2013-04-21,2013-06-02,2013-06-14,42,12,54
1628,2005-10-13,2005-11-10,2005-12-02,28,22,50
1630,2008-12-21,2009-02-16,2009-03-10,57,22,79
1631,2019-06-18,2019-08-06,2019-08-28,49,22,71
1633,2014-07-25,2014-08-30,2014-09-12,36,13,49
1635,2013-04-27,2013-05-31,2013-06-16,34,16,50
1638,2018-05-19,2018-06-28,2018-07-16,40,18,58
1639,2009-12-25,2010-02-13,2010-03-11,50,26,76
1640,2015-06-02,2015-06-22,2015-07-06,20,14,34
1641,2019-04-29,2019-06-16,2019-07-11,48,25,73
1642,2013-10-08,2013-11-13,2013-12-07,36,24,60
1644,2021-10-21,2021-12-04,2022-01-06,44,33,77
1645,2021-07-17,2021-08-08,2021-08-22,22,14,36
1646,2016-12-08,2016-12-22,2017-01-15,14,24,38
1647,2020-01-20,2020-02-04,2020-02-15,15,11,26
1648,2019-05-11,2019-05-22,2019-05-31,11,9,20
1649,2019-04-20,2019-05-21,2019-05-30,31,9,40
1650,2018-06-14,2018-08-11,2018-08-25,58,14,72
1651,2020-07-26,2020-10-11,2020-11-11,77,31,108
1653,2016-12-11,2016-12-28,2017-01-11,17,14,31
1654,2018-07-08,2018-08-20,2018-09-13,43,24,67
1655,2019-05-24,2019-08-29,2019-09-22,97,24,121
1656,2009-09-18,2009-10-24,2009-11-06,36,13,49
1657,2021-09-05,2021-09-26,2021-10-12,21,16,37
1658,2012-12-11,2012-12-25,2013-01-05,14,11,25
1659,2019-04-26,2019-05-22,2019-06-08,26,17,43
1661,2007-12-10,2008-01-15,2008-02-11,36,27,63
1662,2020-03-13,2020-04-17,2020-05-07,35,20,55
1664,2018-07-02,2018-07-19,2018-08-04,17,16,33
1665,2013-05-05,2013-07-13,2013-08-14,69,32,101
1666,2009-06-05,2009-08-27,2009-09-24,83,28,111
1667,2012-10-20,2012-11-09,2012-11-24,20,15,35
1668,2010-05-02,2010-05-22,2010-06-10,20,19,39
1669,2013-05-28,2013-06-09,2013-06-22,12,13,25
1670,2017-11-20,2017-12-15,2018-01-12,25,28,53
1671,2014-06-26,2014-07-22,2014-08-16,26,25,51
1673,2013-09-04,2013-09-19,2013-10-05,15,16,31
1674,2021-09-26,2021-10-24,2021-11-13,28,20,48
1675,2019-03-26,2019-04-14,2019-05-04,19,20,39
1676,2020-05-08,2020-06-08,2020-07-07,31,29,60
1677,2015-03-30,2015-05-13,2015-05-29,44,16,60
1678,2021-01-30,2021-03-29,2021-04-29,58,31,89
1680,2020-12-02,2020-12-27,2021-01-21,25,25,50
1681,2017-01-30,2017-02-26,2017-03-27,27,29,56
1682,2020-03-24,2020-05-04,2020-06-02,41,29,70
1683,2021-01-24,2021-02-04,2021-02-28,11,24,35
1684,2018-06-10,2018-07-03,2018-07-24,23,21,44
1687,2022-12-19,2023-01-12,2023-01-21,24,9,33
1689,2019-02-14,2019-03-22,2019-04-13,36,22,58
1691,2014-04-15,2014-05-09,2014-05-22,24,13,37
1692,2022-01-21,2022-02-07,2022-02-19,17,12,29
1693,2016-05-20,2016-06-17,2016-07-10,28,23,51
1694,2019-03-07,2019-04-05,2019-04-27,29,22,51
1696,2008-09-03,2008-09-13,2008-10-03,10,20,30
1697,2021-10-22,2021-12-31,2022-01-28,70,28,98
1698,2009-05-14,2009-05-21,2009-06-01,7,11,18
1700,2017-02-26,2017-03-20,2017-04-04,22,15,37
1701,2013-06-02,2013-07-07,2013-07-30,35,23,58
1702,2020-01-30,2020-02-17,2020-03-04,18,16,34
1703,2015-11-01,2015-11-25,2015-12-19,24,24,48
1704,2018-11-03,2018-11-18,2018-12-04,15,16,31
1706,2013-05-18,2013-06-29,2013-07-13,42,14,56
1707,2018-03-19,2018-03-30,2018-04-22,11,23,34
1708,2012-12-27,2013-02-25,2013-03-25,60,28,88
1709,2018-06-26,2018-07-18,2018-08-07,22,20,42
1710,2010-04-18,2010-05-05,2010-05-22,17,17,34
1712,2000-04-27,2000-06-01,2000-06-27,35,26,61
1714,2021-12-23,2022-01-04,2022-01-29,12,25,37
1716,2000-02-14,2000-04-22,2000-05-21,68,29,97
1718,2020-06-28,2020-07-29,2020-08-15,31,17,48
1719,2001-12-08,2002-01-05,2002-01-26,28,21,49
1720,2018-10-30,2018-11-19,2018-12-06,20,17,37
1721,2017-12-20,2018-01-05,2018-01-20,16,15,31
1722,2020-09-16,2020-10-28,2020-11-19,42,22,64
1724,2022-09-01,2022-09-20,2022-10-01,19,11,30
1725,2017-01-24,2017-03-09,2017-03-21,44,12,56
1727,2013-02-24,2013-03-28,2013-04-22,32,25,57
1728,2015-12-19,2016-01-08,2016-01-26,20,18,38
1729,2013-03-13,2013-03-31,2013-04-16,18,16,34
1731,2022-04-16,2022-05-06,2022-05-27,20,21,41
1732,2013-07-27,2013-08-19,2013-09-10,23,22,45
1733,2021-11-20,2021-12-19,2022-01-13,29,25,54
1734,2023-10-30,2023-11-16,2023-12-01,17,15,32
1735,2020-08-28,2020-09-07,2020-09-28,10,21,31
1736,2018-11-19,2018-12-17,2018-12-31,28,14,42
1737,2014-06-09,2014-06-25,2014-07-13,16,18,34
1739,2019-02-13,2019-03-13,2019-04-07,28,25,53
1740,2001-11-08,2001-12-20,2002-01-28,42,39,81
1744,2018-06-09,2018-07-03,2018-07-20,24,17,41
1745,2013-12-22,2014-02-11,2014-03-01,51,18,69
1746,2020-12-23,2021-01-10,2021-01-20,18,10,28
1747,2019-02-06,2019-02-26,2019-03-08,20,10,30
1749,2018-06-20,2018-07-04,2018-07-29,14,25,39
1751,2017-08-10,2017-08-28,2017-09-18,18,21,39
1752,2020-12-17,2021-01-08,2021-01-23,22,15,37
1753,2020-09-05,2020-09-26,2020-10-18,21,22,43
1754,2016-06-03,2016-07-28,2016-08-17,55,20,75
1755,2018-11-21,2018-12-05,2018-12-18,14,13,27
1756,2012-02-16,2012-03-12,2012-03-31,25,19,44
1757,2018-04-14,2018-05-06,2018-05-22,22,16,38
1758,2023-10-06,2023-11-16,2023-12-16,41,30,71
1760,2017-09-22,2017-10-10,2017-10-25,18,15,33
1761,2022-05-04,2022-06-07,2022-06-26,34,19,53
1762,2022-05-23,2022-06-13,2022-07-01,21,18,39
1763,2016-02-08,2016-03-03,2016-03-28,24,25,49
1764,2016-08-29,2016-09-26,2016-10-09,28,13,41
1766,2021-12-10,2022-01-14,2022-02-11,35,28,63
1767,2022-06-28,2022-07-20,2022-08-05,22,16,38
1768,2018-02-09,2018-02-28,2018-03-20,19,20,39
1770,2022-06-06,2022-09-09,2022-10-19,95,40,135
1771,2014-11-14,2014-12-13,2015-01-01,29,19,48
1772,2018-11-23,2018-12-13,2018-12-25,20,12,32
1774,2008-07-08,2008-08-06,2008-08-31,29,25,54
1775,2019-10-01,2020-01-18,2020-02-02,109,15,124
1778,2014-12-01,2014-12-12,2014-12-28,11,16,27
1779,2021-06-27,2021-08-04,2021-09-02,38,29,67
1780,2022-11-11,2022-11-20,2022-12-06,9,16,25
1782,2017-12-25,2018-01-19,2018-02-08,25,20,45
1783,2022-03-14,2022-04-26,2022-05-13,43,17,60
1784,2011-02-22,2011-03-28,2011-04-12,34,15,49
1786,2021-02-22,2021-04-10,2021-04-29,47,19,66
1787,2018-04-08,2018-04-30,2018-05-20,22,20,42
1789,2021-01-08,2021-03-19,2021-04-07,70,19,89
1790,2011-11-13,2011-12-23,2012-01-13,40,21,61
1792,2018-01-31,2018-02-17,2018-03-05,17,16,33
1794,2013-03-02,2013-03-24,2013-04-19,22,26,48
1797,2013-03-08,2013-04-07,2013-04-20,30,13,43
1798,2013-07-15,2013-08-01,2013-08-24,17,23,40
1799,2018-02-24,2018-03-13,2018-03-28,17,15,32
1800,2019-07-09,2019-08-03,2019-08-29,25,26,51
1801,2021-11-04,2021-12-07,2021-12-28,33,21,54
1802,2019-01-06,2019-02-04,2019-02-18,29,14,43
1803,2023-08-20,2023-09-24,2023-10-22,35,28,63
1804,2016-10-07,2016-11-23,2016-12-08,47,15,62
1805,2012-05-05,2012-05-24,2012-06-02,19,9,28
1807,2016-08-19,2016-09-26,2016-10-21,38,25,63
1809,2013-01-08,2013-02-13,2013-03-07,36,22,58
1812,2021-06-13,2021-07-10,2021-08-06,27,27,54
1813,2020-12-09,2020-12-28,2021-01-13,19,16,35
1814,2019-11-05,2020-01-22,2020-02-02,78,11,89
1815,2001-05-27,2001-06-28,2001-07-11,32,13,45
1816,2016-08-17,2016-09-19,2016-10-11,33,22,55
1818,2018-04-08,2018-04-29,2018-05-12,21,13,34
1821,2014-05-02,2014-06-07,2014-07-05,36,28,64
1822,2018-12-04,2018-12-22,2019-01-04,18,13,31
1823,2013-01-31,2013-03-16,2013-04-12,44,27,71
1824,2007-06-18,2007-08-03,2007-08-22,46,19,65
1826,2018-04-08,2018-04-23,2018-05-04,15,11,26
1827,2000-11-26,2001-02-04,2001-02-22,70,18,88
1829,2016-04-13,2016-05-24,2016-06-06,41,13,54
1830,2016-04-07,2016-04-26,2016-05-14,19,18,37
1833,2020-07-10,2020-09-25,2020-10-14,77,19,96
1834,2020-09-03,2020-10-03,2020-10-20,30,17,47
1835,2019-06-29,2019-07-27,2019-08-17,28,21,49
1836,2018-01-04,2018-02-26,2018-03-09,53,11,64
1837,2021-04-22,2021-06-20,2021-07-07,59,17,76
1839,2023-08-07,2023-08-30,2023-09-10,23,11,34
1842,2022-03-10,2022-03-24,2022-04-05,14,12,26
1844,2021-02-04,2021-02-27,2021-03-09,23,10,33
1845,2015-01-01,2015-02-04,2015-02-20,34,16,50
1847,2022-08-05,2022-09-06,2022-09-27,32,21,53
1849,2016-03-25,2016-04-14,2016-04-30,20,16,36
1850,2018-05-06,2018-05-30,2018-06-13,24,14,38
1852,2012-06-27,2012-07-19,2012-08-04,22,16,38
1853,2023-07-18,2023-08-03,2023-08-24,16,21,37
1854,2017-11-07,2017-11-20,2017-12-04,13,14,27
1856,2021-08-26,2021-09-24,2021-10-06,29,12,41
1857,2014-05-23,2014-06-07,2014-06-28,15,21,36
1858,2020-01-28,2020-02-17,2020-02-26,20,9,29
1859,2016-01-17,2016-02-13,2016-03-04,27,20,47
1860,2023-09-05,2023-10-14,2023-11-08,39,25,64
1862,2021-04-01,2021-04-24,2021-05-12,23,18,41
1863,2004-09-27,2004-11-28,2004-12-15,62,17,79
1864,2014-03-26,2014-04-19,2014-05-13,24,24,48
1865,2022-08-13,2022-09-01,2022-09-12,19,11,30
1866,2007-04-12,2007-07-14,2007-08-04,93,21,114
1867,2001-02-10,2001-04-08,2001-04-28,57,20,77
1868,2022-06-15,2022-07-19,2022-08-12,34,24,58
1869,2015-01-27,2015-02-22,2015-03-27,26,33,59
1870,2016-05-21,2016-06-16,2016-07-04,26,18,44
1871,2020-11-07,2020-12-24,2021-01-15,47,22,69
1873,2018-04-08,2018-05-08,2018-05-27,30,19,49
1875,2022-07-28,2022-09-09,2022-09-28,43,19,62
1876,2022-03-05,2022-03-20,2022-04-07,15,18,33
1878,2022-07-12,2022-07-25,2022-08-19,13,25,38
1880,2013-05-22,2013-06-10,2013-07-04,19,24,43
1881,2013-10-03,2013-11-14,2013-11-26,42,12,54
1882,2018-09-26,2018-11-11,2018-12-02,46,21,67
1883,2020-05-01,2020-05-25,2020-06-19,24,25,49
1885,2018-09-29,2018-10-20,2018-11-07,21,18,39
1886,2019-11-19,2020-01-02,2020-01-16,44,14,58
1888,2014-01-20,2014-02-09,2014-03-08,20,27,47
1890,2013-03-03,2013-04-12,2013-05-04,40,22,62
1892,2003-10-04,2004-03-25,2004-04-21,173,27,200
1893,2022-04-29,2022-05-26,2022-06-11,27,16,43
1898,2015-11-06,2015-12-11,2015-12-24,35,13,48
1900,2001-06-17,2001-08-01,2001-08-24,45,23,68
1903,2021-06-13,2021-06-29,2021-07-18,16,19,35
1905,2018-01-03,2018-01-21,2018-02-14,18,24,42
1907,2019-09-28,2019-10-13,2019-10-27,15,14,29
1908,2019-06-19,2019-07-05,2019-07-18,16,13,29
1909,2018-06-28,2018-08-23,2018-09-11,56,19,75
1911,2010-09-05,2010-10-24,2010-11-26,49,33,82
1912,2018-10-16,2018-11-18,2018-12-08,33,20,53
1915,2019-07-23,2019-08-17,2019-09-04,25,18,43
1916,2021-11-04,2021-11-25,2021-12-15,21,20,41
1918,2016-10-28,2016-12-01,2016-12-21,34,20,54
1922,2019-07-23,2019-08-24,2019-09-09,32,16,48
1924,2013-08-30,2013-10-04,2013-11-02,35,29,64
1927,2016-05-09,2016-06-04,2016-06-26,26,22,48
1928,2022-12-13,2022-12-30,2023-01-08,17,9,26
1929,2020-08-23,2020-09-08,2020-09-26,16,18,34
1931,2018-06-29,2018-07-09,2018-08-02,10,24,34
1932,2007-12-13,2008-01-11,2008-01-29,29,18,47
1933,2021-04-08,2021-05-07,2021-05-28,29,21,50
1934,2015-01-18,2015-02-06,2015-02-28,19,22,41
1935,2023-07-22,2023-08-19,2023-09-12,28,24,52
1936,2013-06-04,2013-07-07,2013-08-03,33,27,60
1937,2003-07-19,2003-08-02,2003-08-15,14,13,27
1938,2021-12-28,2022-01-30,2022-02-25,33,26,59
1939,2018-12-16,2019-01-12,2019-01-30,27,18,45
1940,2017-12-21,2018-01-17,2018-01-28,27,11,38
1941,2018-01-29,2018-03-13,2018-04-15,43,33,76
1943,2023-06-03,2023-07-03,2023-07-16,30,13,43
1944,2022-05-19,2022-06-15,2022-07-01,27,16,43
1945,2017-11-28,2018-01-05,2018-01-22,38,17,55
1947,2018-08-31,2018-09-22,2018-10-03,22,11,33
1948,2019-08-01,2019-08-20,2019-09-11,19,22,41
1949,2018-01-21,2018-02-08,2018-02-21,18,13,31
1950,2009-06-23,2009-08-08,2009-08-26,46,18,64
1951,2015-08-12,2015-09-22,2015-10-22,41,30,71
1952,2016-05-02,2016-06-01,2016-06-24,30,23,53
1954,2018-08-04,2018-09-07,2018-09-18,34,11,45
1955,2017-12-24,2018-02-07,2018-02-23,45,16,61
1956,2012-12-22,2013-01-24,2013-02-17,33,24,57
1960,2019-08-04,2019-09-04,2019-09-26,31,22,53
1961,2022-05-13,2022-06-10,2022-07-05,28,25,53
1962,2012-12-10,2012-12-30,2013-01-20,20,21,41
1965,2016-03-25,2016-04-08,2016-04-19,14,11,25
1966,2022-08-02,2022-10-01,2022-10-28,60,27,87
1967,2013-04-29,2013-05-30,2013-06-13,31,14,45
1968,2021-04-29,2021-05-18,2021-06-02,19,15,34
1969,2019-04-05,2019-04-29,2019-05-22,24,23,47
1970,2014-10-31,2014-12-14,2015-01-05,44,22,66
1971,2013-08-05,2013-09-13,2013-09-27,39,14,53
1972,2017-02-11,2017-02-26,2017-03-09,15,11,26
1973,2013-06-14,2013-09-17,2013-10-18,95,31,126
1974,2022-08-30,2022-09-14,2022-09-27,15,13,28
1975,2003-07-17,2003-08-21,2003-09-20,35,30,65
1976,2003-09-20,2003-10-25,2003-11-12,35,18,53
1979,2012-09-04,2012-10-25,2012-11-19,51,25,76
1980,2018-07-13,2018-08-21,2018-09-10,39,20,59
1981,2018-12-29,2019-02-13,2019-03-02,46,17,63
1982,2018-12-06,2018-12-31,2019-01-14,25,14,39
1985,2013-08-01,2013-09-09,2013-10-03,39,24,63
1986,2012-11-08,2012-12-03,2012-12-23,25,20,45
1987,2021-05-18,2021-06-05,2021-06-24,18,19,37
1989,2011-09-04,2011-09-28,2011-10-16,24,18,42
1992,2021-02-22,2021-03-19,2021-03-31,25,12,37
1993,2006-03-15,2006-05-14,2006-06-15,60,32,92
1994,2022-02-15,2022-03-16,2022-04-03,29,18,47
1995,2008-04-06,2008-05-04,2008-05-28,28,24,52
1996,2021-07-01,2021-07-15,2021-08-07,14,23,37
1997,2015-01-05,2015-02-07,2015-03-07,33,28,61
1998,2019-06-01,2019-07-03,2019-07-26,32,23,55
1999,2017-12-17,2018-01-11,2018-02-02,25,22,47
2000,2009-09-10,2009-12-25,2010-01-16,106,22,128
2003,2021-05-05,2021-05-24,2021-06-14,19,21,40
2007,2020-04-02,2020-04-29,2020-05-13,27,14,41
2008,2013-08-01,2013-09-19,2013-10-13,49,24,73
2009,2014-02-06,2014-03-11,2014-03-23,33,12,45
2010,2017-02-20,2017-04-20,2017-05-14,59,24,83
2012,2022-01-17,2022-02-06,2022-02-19,20,13,33
2013,2021-08-27,2021-09-19,2021-10-09,23,20,43
2014,2016-02-28,2016-03-22,2016-04-02,23,11,34
2015,2005-06-03,2005-07-11,2005-07-27,38,16,54
2016,2009-08-25,2009-10-06,2009-11-08,42,33,75
2017,2007-08-15,2007-10-15,2007-11-14,61,30,91
2018,2018-05-07,2018-06-08,2018-06-23,32,15,47
2019,2014-08-07,2014-09-09,2014-09-20,33,11,44
2020,2019-10-26,2019-11-17,2019-12-09,22,22,44
2021,2021-06-30,2021-07-18,2021-08-12,18,25,43
2022,2016-11-01,2017-04-30,2017-05-21,180,21,201
2023,2022-08-08,2022-08-31,2022-09-20,23,20,43
2024,2013-12-16,2014-01-13,2014-01-31,28,18,46
2025,2019-02-16,2019-03-12,2019-04-06,24,25,49
2026,2010-06-01,2010-06-23,2010-07-11,22,18,40
2027,2020-12-25,2021-01-27,2021-02-07,33,11,44
2031,2001-05-16,2001-07-15,2001-08-09,60,25,85
2032,2013-10-14,2013-11-07,2013-11-25,24,18,42
2034,2003-10-07,2003-11-30,2004-01-02,54,33,87
2035,2014-12-20,2015-01-27,2015-02-07,38,11,49
2036,2007-12-12,2008-01-01,2008-01-30,20,29,49
2037,2018-03-10,2018-03-28,2018-04-20,18,23,41
2038,2019-10-22,2019-11-16,2019-12-09,25,23,48
2040,2014-07-16,2014-08-28,2014-09-29,43,32,75
2041,2013-11-16,2013-12-18,2013-12-31,32,13,45
2044,2017-11-25,2017-12-15,2017-12-27,20,12,32
2045,2017-08-16,2017-09-22,2017-10-17,37,25,62
2046,2018-05-16,2018-06-06,2018-06-20,21,14,35
2048,2021-11-22,2021-12-11,2021-12-22,19,11,30
2049,2012-12-10,2013-01-01,2013-01-20,22,19,41
2051,2018-05-30,2018-07-08,2018-08-01,39,24,63
2052,2019-08-20,2019-09-19,2019-10-11,30,22,52
2053,2019-05-11,2019-06-21,2019-07-11,41,20,61
2054,2018-02-10,2018-03-20,2018-04-01,38,12,50
2055,2020-05-08,2020-09-02,2020-09-22,117,20,137
2056,2003-11-05,2003-11-29,2003-12-29,24,30,54
2057,2014-11-20,2014-12-14,2014-12-27,24,13,37
2060,2019-02-06,2019-02-22,2019-03-11,16,17,33
2061,2018-11-01,2018-11-24,2018-12-05,23,11,34
2062,2016-04-11,2016-05-09,2016-05-28,28,19,47
2064,2017-07-14,2017-08-12,2017-08-27,29,15,44
2065,2014-02-25,2014-03-14,2014-04-06,17,23,40
2068,2019-10-20,2019-11-26,2019-12-24,37,28,65
